source_table,record_id,title,discovered_url,normalized_path,local_or_external,resolution_status
j6_content,30,หมวดที่ 5 — สภาพแวดล้อมและความปลอดภัย,https://maejo365-my.sharepoint.com/:b:/g/personal/prinya_mju_ac_th/IQBzUqgnIy0bR4bhxynMCkw3AaJ_NJHSlkUuhj_qU2SqP08?e=4i43rR,https://maejo365-my.sharepoint.com/:b:/g/personal/prinya_mju_ac_th/IQBzUqgnIy0bR4bhxynMCkw3AaJ_NJHSlkUuhj_qU2SqP08,cloud_sharepoint_onedrive,authentication_required
j6_content,32,หมวดที่ 7 — การดำเนินงานสำนักงานสีเขียวเพื่อความต่อเนื่อง,https://maejo365-my.sharepoint.com/:b:/g/personal/prinya_mju_ac_th/IQCA8FNqsA3VTp7Yao-2ynkhAYhIPcQVureMkRFms6j_LjU?e=dk2Ibk,https://maejo365-my.sharepoint.com/:b:/g/personal/prinya_mju_ac_th/IQCA8FNqsA3VTp7Yao-2ynkhAYhIPcQVureMkRFms6j_LjU,cloud_sharepoint_onedrive,authentication_required
j6_content,33,1.1 การกำหนดแนวทางการดำเนินงานสำนักงานสีเขียว,https://maejo365-my.sharepoint.com/:b:/g/personal/prinya_mju_ac_th/IQC4RtE-sdJ3S5lTho_5K7LZAXPOPkrh0DaYiJjvTpla_Vc?e=1IwmdT,https://maejo365-my.sharepoint.com/:b:/g/personal/prinya_mju_ac_th/IQC4RtE-sdJ3S5lTho_5K7LZAXPOPkrh0DaYiJjvTpla_Vc,cloud_sharepoint_onedrive,cloud_sharepoint_reachable
j6_content,35,1.3 การระบุประเด็นปัญหาทรัพยากรและสิ่งแวดล้อม,https://maejo365-my.sharepoint.com/:b:/g/personal/prinya_mju_ac_th/IQCKX3IaA9YLSKP3Itizabt0AXe_Bv7CPGWlWeEa5fYE6Ww?e=30GcMd,https://maejo365-my.sharepoint.com/:b:/g/personal/prinya_mju_ac_th/IQCKX3IaA9YLSKP3Itizabt0AXe_Bv7CPGWlWeEa5fYE6Ww,cloud_sharepoint_onedrive,cloud_sharepoint_reachable
j6_content,35,1.3 การระบุประเด็นปัญหาทรัพยากรและสิ่งแวดล้อม,https://maejo365-my.sharepoint.com/:b:/g/personal/prinya_mju_ac_th/IQC6RKpsJyiXSI_DOjD_voQeAaqqlM3KiGSNWLP8AxZBtnw?e=SoUo1b,https://maejo365-my.sharepoint.com/:b:/g/personal/prinya_mju_ac_th/IQC6RKpsJyiXSI_DOjD_voQeAaqqlM3KiGSNWLP8AxZBtnw,cloud_sharepoint_onedrive,authentication_required
j6_content,35,1.3 การระบุประเด็นปัญหาทรัพยากรและสิ่งแวดล้อม,https://maejo365-my.sharepoint.com/:b:/g/personal/prinya_mju_ac_th/IQCeZ4j-d5CZQKmd4PkrDjEjAX45iGZNRdxZfYBv-31Nklw?e=HsFbfr,https://maejo365-my.sharepoint.com/:b:/g/personal/prinya_mju_ac_th/IQCeZ4j-d5CZQKmd4PkrDjEjAX45iGZNRdxZfYBv-31Nklw,cloud_sharepoint_onedrive,authentication_required
j6_content,35,1.3 การระบุประเด็นปัญหาทรัพยากรและสิ่งแวดล้อม,https://maejo365-my.sharepoint.com/:b:/g/personal/prinya_mju_ac_th/IQCqdbAL87TaQK0ChXBiz5Z4AUed5RWcjdfgYGFsi31c-wg?e=PNybHb,https://maejo365-my.sharepoint.com/:b:/g/personal/prinya_mju_ac_th/IQCqdbAL87TaQK0ChXBiz5Z4AUed5RWcjdfgYGFsi31c-wg,cloud_sharepoint_onedrive,authentication_required
j6_content,35,1.3 การระบุประเด็นปัญหาทรัพยากรและสิ่งแวดล้อม,https://maejo365-my.sharepoint.com/:b:/g/personal/prinya_mju_ac_th/IQCW_f9bsU7gRa8jZ-Z9tNHLAQm0JyyAor9kvRQYp6p7abU?e=aflsO4,https://maejo365-my.sharepoint.com/:b:/g/personal/prinya_mju_ac_th/IQCW_f9bsU7gRa8jZ-Z9tNHLAQm0JyyAor9kvRQYp6p7abU,cloud_sharepoint_onedrive,authentication_required
j6_content,35,1.3 การระบุประเด็นปัญหาทรัพยากรและสิ่งแวดล้อม,https://maejo365-my.sharepoint.com/:b:/g/personal/prinya_mju_ac_th/IQBnDcvGtceLQ4-DDCNBLjteAc5GM5wih4Y_k45B1nsL338?e=XhsoP2,https://maejo365-my.sharepoint.com/:b:/g/personal/prinya_mju_ac_th/IQBnDcvGtceLQ4-DDCNBLjteAc5GM5wih4Y_k45B1nsL338,cloud_sharepoint_onedrive,authentication_required
j6_content,35,1.3 การระบุประเด็นปัญหาทรัพยากรและสิ่งแวดล้อม,https://maejo365-my.sharepoint.com/:b:/g/personal/prinya_mju_ac_th/IQAXyOgl4u7pQqQM81Y6cgi3AfbnRQ2chCtwb_Zyp4g6f14?e=jA8y9S,https://maejo365-my.sharepoint.com/:b:/g/personal/prinya_mju_ac_th/IQAXyOgl4u7pQqQM81Y6cgi3AfbnRQ2chCtwb_Zyp4g6f14,cloud_sharepoint_onedrive,cloud_sharepoint_reachable
j6_content,36,1.4 กฎหมายและข้อกำหนดอื่นๆ ที่เกี่ยวข้อง,https://maejo365-my.sharepoint.com/:b:/g/personal/prinya_mju_ac_th/IQC8vbg-VrrEQqFsfZkBOXEcATXmUfG7BHyd0bbLNSAR3Ps?e=x5o7BE,https://maejo365-my.sharepoint.com/:b:/g/personal/prinya_mju_ac_th/IQC8vbg-VrrEQqFsfZkBOXEcATXmUfG7BHyd0bbLNSAR3Ps,cloud_sharepoint_onedrive,external_sharepoint
j6_content,36,1.4 กฎหมายและข้อกำหนดอื่นๆ ที่เกี่ยวข้อง,https://maejo365-my.sharepoint.com/:b:/g/personal/prinya_mju_ac_th/IQCrABhd9KJVRb7VDSYFHkSSARu_kPPHSfdJa79lFAPiVJc?e=lApdfb,https://maejo365-my.sharepoint.com/:b:/g/personal/prinya_mju_ac_th/IQCrABhd9KJVRb7VDSYFHkSSARu_kPPHSfdJa79lFAPiVJc,cloud_sharepoint_onedrive,external_sharepoint
j6_content,37,1.5 ข้อมูลก๊าซเรือนกระจก,https://maejo365-my.sharepoint.com/:b:/g/personal/prinya_mju_ac_th/IQBIROYaTmqSSqXAkTMn_cM0AWYIFrc6CV7fSWq4X0fQYeU?e=Mt967o,https://maejo365-my.sharepoint.com/:b:/g/personal/prinya_mju_ac_th/IQBIROYaTmqSSqXAkTMn_cM0AWYIFrc6CV7fSWq4X0fQYeU,cloud_sharepoint_onedrive,external_sharepoint
j6_content,37,1.5 ข้อมูลก๊าซเรือนกระจก,https://maejo365-my.sharepoint.com/:x:/g/personal/prinya_mju_ac_th/IQAYqO7zIhToQoY0jg0XMQ2KAVvO-4NpnWizfw0rCoNCJ6g?e=kV5Vzw,https://maejo365-my.sharepoint.com/:x:/g/personal/prinya_mju_ac_th/IQAYqO7zIhToQoY0jg0XMQ2KAVvO-4NpnWizfw0rCoNCJ6g,cloud_sharepoint_onedrive,external_sharepoint
j6_content,37,1.5 ข้อมูลก๊าซเรือนกระจก,https://maejo365-my.sharepoint.com/:x:/g/personal/prinya_mju_ac_th/IQAh-Jq8-GxaR4R-x2BeYZKXAakh7ZBTFxTvJ2lGpPOkKNc?e=HudkSC,https://maejo365-my.sharepoint.com/:x:/g/personal/prinya_mju_ac_th/IQAh-Jq8-GxaR4R-x2BeYZKXAakh7ZBTFxTvJ2lGpPOkKNc,cloud_sharepoint_onedrive,external_sharepoint
j6_content,37,1.5 ข้อมูลก๊าซเรือนกระจก,https://maejo365-my.sharepoint.com/:b:/g/personal/prinya_mju_ac_th/IQAbwr0kbFPGS5MAHjLoOXUbAU_VUdP_4MwMj4M125xys4Q?e=nZETeR,https://maejo365-my.sharepoint.com/:b:/g/personal/prinya_mju_ac_th/IQAbwr0kbFPGS5MAHjLoOXUbAU_VUdP_4MwMj4M125xys4Q,cloud_sharepoint_onedrive,external_sharepoint
j6_content,38,1.6 แผนการดำเนินงานและโครงการเพื่อมุ่งสู่การลดก๊าซเรือนกระจก,https://maejo365-my.sharepoint.com/:b:/g/personal/prinya_mju_ac_th/IQA4hKaJNbp-T5UNHjqXmM1dAeeArtszlog4yJepvhHYvds?e=Sxm2CC,https://maejo365-my.sharepoint.com/:b:/g/personal/prinya_mju_ac_th/IQA4hKaJNbp-T5UNHjqXmM1dAeeArtszlog4yJepvhHYvds,cloud_sharepoint_onedrive,external_sharepoint
j6_content,38,1.6 แผนการดำเนินงานและโครงการเพื่อมุ่งสู่การลดก๊าซเรือนกระจก,https://maejo365-my.sharepoint.com/:b:/g/personal/prinya_mju_ac_th/IQB21QQDfSNeRoXwgsVLxDQ0AdtTJXKPk0cQ0jzH4PO6rSM?e=skyZo9,https://maejo365-my.sharepoint.com/:b:/g/personal/prinya_mju_ac_th/IQB21QQDfSNeRoXwgsVLxDQ0AdtTJXKPk0cQ0jzH4PO6rSM,cloud_sharepoint_onedrive,external_sharepoint
j6_content,38,1.6 แผนการดำเนินงานและโครงการเพื่อมุ่งสู่การลดก๊าซเรือนกระจก,https://maejo365-my.sharepoint.com/:b:/g/personal/prinya_mju_ac_th/IQA_phQbCv3cT5ETq7o2n0vuAfOfO5v5YHTR5CcV0frbMT4?e=eBiedt,https://maejo365-my.sharepoint.com/:b:/g/personal/prinya_mju_ac_th/IQA_phQbCv3cT5ETq7o2n0vuAfOfO5v5YHTR5CcV0frbMT4,cloud_sharepoint_onedrive,external_sharepoint
j6_content,39,1.7 การทบทวนฝ่ายบริหาร,https://maejo365-my.sharepoint.com/:b:/g/personal/prinya_mju_ac_th/IQCjAOcIrTVoSY8zdgqQJSB5AR884SGk-5-WlTVPEsoDk-s?e=6alT85,https://maejo365-my.sharepoint.com/:b:/g/personal/prinya_mju_ac_th/IQCjAOcIrTVoSY8zdgqQJSB5AR884SGk-5-WlTVPEsoDk-s,cloud_sharepoint_onedrive,external_sharepoint
j6_content,39,1.7 การทบทวนฝ่ายบริหาร,https://maejo365-my.sharepoint.com/:b:/g/personal/prinya_mju_ac_th/IQCjAOcIrTVoSY8zdgqQJSB5AR884SGk-5-WlTVPEsoDk-s?e=LVtOyV,https://maejo365-my.sharepoint.com/:b:/g/personal/prinya_mju_ac_th/IQCjAOcIrTVoSY8zdgqQJSB5AR884SGk-5-WlTVPEsoDk-s,cloud_sharepoint_onedrive,external_sharepoint
j6_content,39,1.7 การทบทวนฝ่ายบริหาร,https://maejo365-my.sharepoint.com/:b:/g/personal/prinya_mju_ac_th/IQBsovJYQs-MS6lF6gShrm0FAfHS1cjp5qpudNy638RvhDw?e=SDrfZb,https://maejo365-my.sharepoint.com/:b:/g/personal/prinya_mju_ac_th/IQBsovJYQs-MS6lF6gShrm0FAfHS1cjp5qpudNy638RvhDw,cloud_sharepoint_onedrive,external_sharepoint
j6_content,39,1.7 การทบทวนฝ่ายบริหาร,https://maejo365-my.sharepoint.com/:b:/g/personal/prinya_mju_ac_th/IQBsovJYQs-MS6lF6gShrm0FAfHS1cjp5qpudNy638RvhDw?e=XcddDm,https://maejo365-my.sharepoint.com/:b:/g/personal/prinya_mju_ac_th/IQBsovJYQs-MS6lF6gShrm0FAfHS1cjp5qpudNy638RvhDw,cloud_sharepoint_onedrive,external_sharepoint
j6_content,41,2.1 การอบรมให้ความรู้และประเมินความเข้าใจ,https://maejo365-my.sharepoint.com/:b:/g/personal/prinya_mju_ac_th/IQD097NPn2l0RqrRGP-1D6xAAclVYVd-MYrEQfIjjsankGI?e=mvh8Y8,https://maejo365-my.sharepoint.com/:b:/g/personal/prinya_mju_ac_th/IQD097NPn2l0RqrRGP-1D6xAAclVYVd-MYrEQfIjjsankGI,cloud_sharepoint_onedrive,external_sharepoint
j6_content,41,2.1 การอบรมให้ความรู้และประเมินความเข้าใจ,https://maejo365-my.sharepoint.com/:b:/g/personal/prinya_mju_ac_th/IQDbvViJK2zITrJKerTb5YlrAbAynSzQrAJOMS4Gwwp-qTw?e=aO9yGq,https://maejo365-my.sharepoint.com/:b:/g/personal/prinya_mju_ac_th/IQDbvViJK2zITrJKerTb5YlrAbAynSzQrAJOMS4Gwwp-qTw,cloud_sharepoint_onedrive,external_sharepoint
j6_content,43,3.1 การใช้น้ำ,https://maejo365-my.sharepoint.com/:b:/g/personal/prinya_mju_ac_th/IQDzn-RPP_HjQZXJJFQXIHsrAXF49EtCX1g-oeUxBOZr_5Q?e=TeY34k,https://maejo365-my.sharepoint.com/:b:/g/personal/prinya_mju_ac_th/IQDzn-RPP_HjQZXJJFQXIHsrAXF49EtCX1g-oeUxBOZr_5Q,cloud_sharepoint_onedrive,external_sharepoint
j6_content,43,3.1 การใช้น้ำ,https://maejo365-my.sharepoint.com/:b:/g/personal/prinya_mju_ac_th/IQD0Ds-TUk-3S7EljZ71zE9BAXRfKW_LFaLuDEUMSMAjL8Q?e=j4XSuc,https://maejo365-my.sharepoint.com/:b:/g/personal/prinya_mju_ac_th/IQD0Ds-TUk-3S7EljZ71zE9BAXRfKW_LFaLuDEUMSMAjL8Q,cloud_sharepoint_onedrive,external_sharepoint
j6_content,43,3.1 การใช้น้ำ,https://maejo365-my.sharepoint.com/:b:/g/personal/prinya_mju_ac_th/IQCCNm4xkOOoR5n4JWdgq5zIAWl9bzgITKr3vc3I7KEaMkM?e=dN5RQb,https://maejo365-my.sharepoint.com/:b:/g/personal/prinya_mju_ac_th/IQCCNm4xkOOoR5n4JWdgq5zIAWl9bzgITKr3vc3I7KEaMkM,cloud_sharepoint_onedrive,external_sharepoint
j6_content,43,3.1 การใช้น้ำ,https://maejo365-my.sharepoint.com/:b:/g/personal/prinya_mju_ac_th/IQBZsx1N_x_qTZYrWDD_B37yAb6G5wMxGkZQdAtJaWIbkhk?e=dwwBOK,https://maejo365-my.sharepoint.com/:b:/g/personal/prinya_mju_ac_th/IQBZsx1N_x_qTZYrWDD_B37yAb6G5wMxGkZQdAtJaWIbkhk,cloud_sharepoint_onedrive,external_sharepoint
j6_content,43,3.1 การใช้น้ำ,https://maejo365-my.sharepoint.com/:x:/g/personal/prinya_mju_ac_th/Ed9yefosFCFPh1H_0I0Mb0gBs07imx2AywWkmGDK3ZxkxQ?e=XJIRFa,https://maejo365-my.sharepoint.com/:x:/g/personal/prinya_mju_ac_th/Ed9yefosFCFPh1H_0I0Mb0gBs07imx2AywWkmGDK3ZxkxQ,cloud_sharepoint_onedrive,external_sharepoint
j6_content,43,3.1 การใช้น้ำ,https://maejo365-my.sharepoint.com/:b:/g/personal/prinya_mju_ac_th/IQAY7H4wPqgjS5FkYj_ckHcQAcC8J_n3s68go4t_SqukI0w?e=CthjM1,https://maejo365-my.sharepoint.com/:b:/g/personal/prinya_mju_ac_th/IQAY7H4wPqgjS5FkYj_ckHcQAcC8J_n3s68go4t_SqukI0w,cloud_sharepoint_onedrive,external_sharepoint
j6_content,43,3.1 การใช้น้ำ,https://maejo365-my.sharepoint.com/:b:/g/personal/prinya_mju_ac_th/IQAIGzsXI7wsRZLi0Md58jvbAU5sPaONXomoYP-JlaKUxMQ?e=enSzP5,https://maejo365-my.sharepoint.com/:b:/g/personal/prinya_mju_ac_th/IQAIGzsXI7wsRZLi0Md58jvbAU5sPaONXomoYP-JlaKUxMQ,cloud_sharepoint_onedrive,external_sharepoint
j6_content,44,3.2 การใช้พลังงาน,https://maejo365-my.sharepoint.com/:b:/g/personal/prinya_mju_ac_th/IQDDx8lnLO2CRKLtmsIn9wRlAV-aKaQ8iG3QJDo62psWc5E?e=mV5sEq,https://maejo365-my.sharepoint.com/:b:/g/personal/prinya_mju_ac_th/IQDDx8lnLO2CRKLtmsIn9wRlAV-aKaQ8iG3QJDo62psWc5E,cloud_sharepoint_onedrive,external_sharepoint
j6_content,44,3.2 การใช้พลังงาน,https://maejo365-my.sharepoint.com/:b:/g/personal/prinya_mju_ac_th/IQAUiuq5ih1EQ4TdIVKlRy1NAZfCvmD9L1rVyGrRNNHGFoA?e=RtsCxa,https://maejo365-my.sharepoint.com/:b:/g/personal/prinya_mju_ac_th/IQAUiuq5ih1EQ4TdIVKlRy1NAZfCvmD9L1rVyGrRNNHGFoA,cloud_sharepoint_onedrive,external_sharepoint
j6_content,44,3.2 การใช้พลังงาน,https://maejo365-my.sharepoint.com/:x:/g/personal/prinya_mju_ac_th/EQ1j2DbbdF9IkToyjdQL_QUBL6Lp80U6wlInRdYFcxeTEw?e=ueSGPL,https://maejo365-my.sharepoint.com/:x:/g/personal/prinya_mju_ac_th/EQ1j2DbbdF9IkToyjdQL_QUBL6Lp80U6wlInRdYFcxeTEw,cloud_sharepoint_onedrive,external_sharepoint
j6_content,44,3.2 การใช้พลังงาน,https://maejo365-my.sharepoint.com/:b:/g/personal/prinya_mju_ac_th/IQCLFwLjA8XMSr491rZMLvFXAQ4QIBFKJxXwzSfSGJKmH5c?e=TL6or3,https://maejo365-my.sharepoint.com/:b:/g/personal/prinya_mju_ac_th/IQCLFwLjA8XMSr491rZMLvFXAQ4QIBFKJxXwzSfSGJKmH5c,cloud_sharepoint_onedrive,external_sharepoint
j6_content,44,3.2 การใช้พลังงาน,https://maejo365-my.sharepoint.com/:b:/g/personal/prinya_mju_ac_th/IQCLFwLjA8XMSr491rZMLvFXAQ4QIBFKJxXwzSfSGJKmH5c?e=k6C8uN,https://maejo365-my.sharepoint.com/:b:/g/personal/prinya_mju_ac_th/IQCLFwLjA8XMSr491rZMLvFXAQ4QIBFKJxXwzSfSGJKmH5c,cloud_sharepoint_onedrive,external_sharepoint
j6_content,44,3.2 การใช้พลังงาน,https://maejo365-my.sharepoint.com/:b:/g/personal/prinya_mju_ac_th/IQCFTwbSPA_xTquyVcbjBp9bAaEOOnOmbiXR96CMTdgRZnk?e=8QRb1e,https://maejo365-my.sharepoint.com/:b:/g/personal/prinya_mju_ac_th/IQCFTwbSPA_xTquyVcbjBp9bAaEOOnOmbiXR96CMTdgRZnk,cloud_sharepoint_onedrive,external_sharepoint
j6_content,44,3.2 การใช้พลังงาน,https://maejo365-my.sharepoint.com/:b:/g/personal/prinya_mju_ac_th/IQCiFsghTHAXRqyFPKs1YR6ZAZTZfQjbkxyThTalLJySJ7E?e=CDMDQq,https://maejo365-my.sharepoint.com/:b:/g/personal/prinya_mju_ac_th/IQCiFsghTHAXRqyFPKs1YR6ZAZTZfQjbkxyThTalLJySJ7E,cloud_sharepoint_onedrive,external_sharepoint
j6_content,44,3.2 การใช้พลังงาน,https://maejo365-my.sharepoint.com/:b:/g/personal/prinya_mju_ac_th/IQAXY8DDqNxLQaTTXff_pPQyARsqUVXbSs97F7VN6w-y1N8?e=ejZj6B,https://maejo365-my.sharepoint.com/:b:/g/personal/prinya_mju_ac_th/IQAXY8DDqNxLQaTTXff_pPQyARsqUVXbSs97F7VN6w-y1N8,cloud_sharepoint_onedrive,external_sharepoint
j6_content,44,3.2 การใช้พลังงาน,https://maejo365-my.sharepoint.com/:x:/g/personal/prinya_mju_ac_th/Ef9KnXIYIxBLloJaAYZE9M0BfuBfKLQDXFi2fxgkY5hhOA?e=vvkaHX,https://maejo365-my.sharepoint.com/:x:/g/personal/prinya_mju_ac_th/Ef9KnXIYIxBLloJaAYZE9M0BfuBfKLQDXFi2fxgkY5hhOA,cloud_sharepoint_onedrive,external_sharepoint
j6_content,45,3.3 การใช้ทรัพยากรอื่นๆ,https://maejo365-my.sharepoint.com/:b:/g/personal/prinya_mju_ac_th/IQCTS9JC5u9ET4uEdOjFH3R_AbykRElj2a-nU5BQTV9qjTk?e=NsujPa,https://maejo365-my.sharepoint.com/:b:/g/personal/prinya_mju_ac_th/IQCTS9JC5u9ET4uEdOjFH3R_AbykRElj2a-nU5BQTV9qjTk,cloud_sharepoint_onedrive,external_sharepoint
j6_content,45,3.3 การใช้ทรัพยากรอื่นๆ,https://maejo365-my.sharepoint.com/:b:/g/personal/prinya_mju_ac_th/IQCTS9JC5u9ET4uEdOjFH3R_AbykRElj2a-nU5BQTV9qjTk?e=clkrfh,https://maejo365-my.sharepoint.com/:b:/g/personal/prinya_mju_ac_th/IQCTS9JC5u9ET4uEdOjFH3R_AbykRElj2a-nU5BQTV9qjTk,cloud_sharepoint_onedrive,external_sharepoint
j6_content,45,3.3 การใช้ทรัพยากรอื่นๆ,https://maejo365-my.sharepoint.com/:b:/g/personal/prinya_mju_ac_th/IQBzhX99A4zIQ7ZDwSij2bB1AaxPEp9t1VVfc21ReIdREtY?e=EuEbaf,https://maejo365-my.sharepoint.com/:b:/g/personal/prinya_mju_ac_th/IQBzhX99A4zIQ7ZDwSij2bB1AaxPEp9t1VVfc21ReIdREtY,cloud_sharepoint_onedrive,external_sharepoint
j6_content,45,3.3 การใช้ทรัพยากรอื่นๆ,https://maejo365-my.sharepoint.com/:x:/g/personal/prinya_mju_ac_th/EVVMU1k6JYpIvdpBuwIdxqYBffuE3T0sJLmUMbWSj7zfvg?e=gCZ0dV,https://maejo365-my.sharepoint.com/:x:/g/personal/prinya_mju_ac_th/EVVMU1k6JYpIvdpBuwIdxqYBffuE3T0sJLmUMbWSj7zfvg,cloud_sharepoint_onedrive,external_sharepoint
j6_content,45,3.3 การใช้ทรัพยากรอื่นๆ,https://maejo365-my.sharepoint.com/:b:/g/personal/prinya_mju_ac_th/IQBqUGjx_JIfTJrMSVGMrOeuARNFFnhZ4cT11_Kv9ibzjHA?e=IYM4qK,https://maejo365-my.sharepoint.com/:b:/g/personal/prinya_mju_ac_th/IQBqUGjx_JIfTJrMSVGMrOeuARNFFnhZ4cT11_Kv9ibzjHA,cloud_sharepoint_onedrive,external_sharepoint
j6_content,45,3.3 การใช้ทรัพยากรอื่นๆ,https://maejo365-my.sharepoint.com/:b:/g/personal/prinya_mju_ac_th/IQBqUGjx_JIfTJrMSVGMrOeuARNFFnhZ4cT11_Kv9ibzjHA?e=nSVCea,https://maejo365-my.sharepoint.com/:b:/g/personal/prinya_mju_ac_th/IQBqUGjx_JIfTJrMSVGMrOeuARNFFnhZ4cT11_Kv9ibzjHA,cloud_sharepoint_onedrive,external_sharepoint
j6_content,45,3.3 การใช้ทรัพยากรอื่นๆ,https://maejo365-my.sharepoint.com/:b:/g/personal/prinya_mju_ac_th/IQBKXnnuV01OR41c6vAamPXrATW141dVbEih8tuQP725MEo?e=geHfKh,https://maejo365-my.sharepoint.com/:b:/g/personal/prinya_mju_ac_th/IQBKXnnuV01OR41c6vAamPXrATW141dVbEih8tuQP725MEo,cloud_sharepoint_onedrive,external_sharepoint
j6_content,45,3.3 การใช้ทรัพยากรอื่นๆ,https://maejo365-my.sharepoint.com/:b:/g/personal/prinya_mju_ac_th/IQBKXnnuV01OR41c6vAamPXrATW141dVbEih8tuQP725MEo?e=PQUIKv,https://maejo365-my.sharepoint.com/:b:/g/personal/prinya_mju_ac_th/IQBKXnnuV01OR41c6vAamPXrATW141dVbEih8tuQP725MEo,cloud_sharepoint_onedrive,external_sharepoint
j6_content,45,3.3 การใช้ทรัพยากรอื่นๆ,https://maejo365-my.sharepoint.com/:b:/g/personal/prinya_mju_ac_th/IQCo1Ls9MkuNSI0yScB3Rbz3AUWDkcb8xD6qUxPMu2syl98?e=V7OdG7,https://maejo365-my.sharepoint.com/:b:/g/personal/prinya_mju_ac_th/IQCo1Ls9MkuNSI0yScB3Rbz3AUWDkcb8xD6qUxPMu2syl98,cloud_sharepoint_onedrive,external_sharepoint
j6_content,45,3.3 การใช้ทรัพยากรอื่นๆ,https://maejo365-my.sharepoint.com/:b:/g/personal/prinya_mju_ac_th/IQCo1Ls9MkuNSI0yScB3Rbz3AUWDkcb8xD6qUxPMu2syl98?e=oWegYT,https://maejo365-my.sharepoint.com/:b:/g/personal/prinya_mju_ac_th/IQCo1Ls9MkuNSI0yScB3Rbz3AUWDkcb8xD6qUxPMu2syl98,cloud_sharepoint_onedrive,external_sharepoint
j6_content,47,4.1 การจัดการขยะ,https://maejo365-my.sharepoint.com/:b:/g/personal/prinya_mju_ac_th/IQAgR9yv1y6ZR4Rz-_UF_i6MAbfwDJvJ9fUhTMBa_P3lvps?e=IcrooX,https://maejo365-my.sharepoint.com/:b:/g/personal/prinya_mju_ac_th/IQAgR9yv1y6ZR4Rz-_UF_i6MAbfwDJvJ9fUhTMBa_P3lvps,cloud_sharepoint_onedrive,external_sharepoint
j6_content,47,4.1 การจัดการขยะ,https://maejo365-my.sharepoint.com/:b:/g/personal/prinya_mju_ac_th/IQDpbzu0scr6TbnDPvpKVyU0AXSuqCuApafOqFnNTI5gKHQ?e=rIWUcO,https://maejo365-my.sharepoint.com/:b:/g/personal/prinya_mju_ac_th/IQDpbzu0scr6TbnDPvpKVyU0AXSuqCuApafOqFnNTI5gKHQ,cloud_sharepoint_onedrive,external_sharepoint
j6_content,47,4.1 การจัดการขยะ,https://maejo365-my.sharepoint.com/:b:/g/personal/prinya_mju_ac_th/IQAdgwMBMcQ2R4V6eNxAXo-EAbRFEIqQo-dpdKbzKZ72yIw?e=mTXqwo,https://maejo365-my.sharepoint.com/:b:/g/personal/prinya_mju_ac_th/IQAdgwMBMcQ2R4V6eNxAXo-EAbRFEIqQo-dpdKbzKZ72yIw,cloud_sharepoint_onedrive,external_sharepoint
j6_content,48,4.2 การจัดการน้ำเสีย,https://maejo365-my.sharepoint.com/:b:/g/personal/prinya_mju_ac_th/IQAu_TXwiCxdTrYtKV6bR968AbCwpXVAvjRQkbWXsLopkyE?e=ng8xBy,https://maejo365-my.sharepoint.com/:b:/g/personal/prinya_mju_ac_th/IQAu_TXwiCxdTrYtKV6bR968AbCwpXVAvjRQkbWXsLopkyE,cloud_sharepoint_onedrive,external_sharepoint
j6_content,48,4.2 การจัดการน้ำเสีย,https://maejo365-my.sharepoint.com/:b:/g/personal/prinya_mju_ac_th/IQAu_TXwiCxdTrYtKV6bR968AbCwpXVAvjRQkbWXsLopkyE?e=AAlk2t,https://maejo365-my.sharepoint.com/:b:/g/personal/prinya_mju_ac_th/IQAu_TXwiCxdTrYtKV6bR968AbCwpXVAvjRQkbWXsLopkyE,cloud_sharepoint_onedrive,external_sharepoint
j6_content,49,5.1 อากาศในสำนักงาน,https://maejo365-my.sharepoint.com/:b:/g/personal/prinya_mju_ac_th/IQBMuFEWuvdcTI2yC7mhlKKNAcwWK5coEJwT-LEKdTdr1Ks?e=POuKSG,https://maejo365-my.sharepoint.com/:b:/g/personal/prinya_mju_ac_th/IQBMuFEWuvdcTI2yC7mhlKKNAcwWK5coEJwT-LEKdTdr1Ks,cloud_sharepoint_onedrive,external_sharepoint
j6_content,49,5.1 อากาศในสำนักงาน,https://maejo365-my.sharepoint.com/:b:/g/personal/prinya_mju_ac_th/IQAkLcmBkFZkTY9i-ZAPajy9AZJya6uX3Ke0uoG-Iv8o8TU?e=ZRfCRs,https://maejo365-my.sharepoint.com/:b:/g/personal/prinya_mju_ac_th/IQAkLcmBkFZkTY9i-ZAPajy9AZJya6uX3Ke0uoG-Iv8o8TU,cloud_sharepoint_onedrive,external_sharepoint
j6_content,49,5.1 อากาศในสำนักงาน,https://maejo365-my.sharepoint.com/:b:/g/personal/prinya_mju_ac_th/IQBJjFKPU7AjTYOZ-oVrVG3YAU0zwDfYUgoD2rAVN-M43ek?e=ZOelCN,https://maejo365-my.sharepoint.com/:b:/g/personal/prinya_mju_ac_th/IQBJjFKPU7AjTYOZ-oVrVG3YAU0zwDfYUgoD2rAVN-M43ek,cloud_sharepoint_onedrive,external_sharepoint
j6_content,49,5.1 อากาศในสำนักงาน,https://maejo365-my.sharepoint.com/:b:/g/personal/prinya_mju_ac_th/IQD9ORVN0jkEQY0VZjD9YCePAagjlT6uJyY_i3EwbiU7J9U?e=7xfTXV,https://maejo365-my.sharepoint.com/:b:/g/personal/prinya_mju_ac_th/IQD9ORVN0jkEQY0VZjD9YCePAagjlT6uJyY_i3EwbiU7J9U,cloud_sharepoint_onedrive,external_sharepoint
j6_content,49,5.1 อากาศในสำนักงาน,https://maejo365-my.sharepoint.com/:b:/g/personal/prinya_mju_ac_th/IQAaYzsgW6avT5ZrHZy_duLkAUe2u0BzibuvDn49LFHiWDM?e=Z6Dj0b,https://maejo365-my.sharepoint.com/:b:/g/personal/prinya_mju_ac_th/IQAaYzsgW6avT5ZrHZy_duLkAUe2u0BzibuvDn49LFHiWDM,cloud_sharepoint_onedrive,external_sharepoint
j6_content,49,5.1 อากาศในสำนักงาน,https://maejo365-my.sharepoint.com/:b:/g/personal/prinya_mju_ac_th/IQA3LgYjbm1xRbGcdsJhvhZ9ASirLuHt5LdSCFFE9YlCRrI?e=J9ZQcF,https://maejo365-my.sharepoint.com/:b:/g/personal/prinya_mju_ac_th/IQA3LgYjbm1xRbGcdsJhvhZ9ASirLuHt5LdSCFFE9YlCRrI,cloud_sharepoint_onedrive,external_sharepoint
j6_content,49,5.1 อากาศในสำนักงาน,https://maejo365-my.sharepoint.com/:b:/g/personal/prinya_mju_ac_th/IQD3P2pLpCO8QZqjWzQeQInMAcsWnsMZd_gZ9vSrIwPjFhI?e=Io1X3p,https://maejo365-my.sharepoint.com/:b:/g/personal/prinya_mju_ac_th/IQD3P2pLpCO8QZqjWzQeQInMAcsWnsMZd_gZ9vSrIwPjFhI,cloud_sharepoint_onedrive,external_sharepoint
j6_content,49,5.1 อากาศในสำนักงาน,https://maejo365-my.sharepoint.com/:b:/g/personal/prinya_mju_ac_th/IQB60Gpg0IcSTKDXIPAK8swvAcQm6o6tV1mHsgt_7CYYNMU?e=1nPEbR,https://maejo365-my.sharepoint.com/:b:/g/personal/prinya_mju_ac_th/IQB60Gpg0IcSTKDXIPAK8swvAcQm6o6tV1mHsgt_7CYYNMU,cloud_sharepoint_onedrive,external_sharepoint
j6_content,49,5.1 อากาศในสำนักงาน,https://maejo365-my.sharepoint.com/:b:/g/personal/prinya_mju_ac_th/IQAzQGbdKqvqTq4g8wCp0OInAWkOjPHXSQ29M5p1UKtxx2k?e=qro4Di,https://maejo365-my.sharepoint.com/:b:/g/personal/prinya_mju_ac_th/IQAzQGbdKqvqTq4g8wCp0OInAWkOjPHXSQ29M5p1UKtxx2k,cloud_sharepoint_onedrive,external_sharepoint
j6_content,49,5.1 อากาศในสำนักงาน,https://maejo365-my.sharepoint.com/:b:/g/personal/prinya_mju_ac_th/IQDCokxxtxswToOVwtrGCJ1WAftTidFeM4Kj21eXPlUtJ0c?e=IJKi44,https://maejo365-my.sharepoint.com/:b:/g/personal/prinya_mju_ac_th/IQDCokxxtxswToOVwtrGCJ1WAftTidFeM4Kj21eXPlUtJ0c,cloud_sharepoint_onedrive,external_sharepoint
j6_content,49,5.1 อากาศในสำนักงาน,https://maejo365-my.sharepoint.com/:b:/g/personal/prinya_mju_ac_th/IQD2v14GtNldRrH9OsHaj10BAVUvY6einadAvxseNJRXhwI?e=CJ4H7G,https://maejo365-my.sharepoint.com/:b:/g/personal/prinya_mju_ac_th/IQD2v14GtNldRrH9OsHaj10BAVUvY6einadAvxseNJRXhwI,cloud_sharepoint_onedrive,external_sharepoint
j6_content,49,5.1 อากาศในสำนักงาน,https://maejo365-my.sharepoint.com/:b:/g/personal/prinya_mju_ac_th/IQD2v14GtNldRrH9OsHaj10BAVUvY6einadAvxseNJRXhwI?e=9c7j9R,https://maejo365-my.sharepoint.com/:b:/g/personal/prinya_mju_ac_th/IQD2v14GtNldRrH9OsHaj10BAVUvY6einadAvxseNJRXhwI,cloud_sharepoint_onedrive,external_sharepoint
j6_content,50,5.2 แสงในสำนักงาน,https://maejo365-my.sharepoint.com/:b:/g/personal/prinya_mju_ac_th/IQDHcMHzEkxGQbEY9Mcb1-94AX2vTT58dXsWBMcXRzMNaoQ?e=C2lvLY,https://maejo365-my.sharepoint.com/:b:/g/personal/prinya_mju_ac_th/IQDHcMHzEkxGQbEY9Mcb1-94AX2vTT58dXsWBMcXRzMNaoQ,cloud_sharepoint_onedrive,external_sharepoint
j6_content,50,5.2 แสงในสำนักงาน,https://maejo365-my.sharepoint.com/:b:/g/personal/prinya_mju_ac_th/IQA2LjzA_ijdQIs-GiWl84HsARIEgTnrnLxLLd7SiBOLIU8?e=toml2h,https://maejo365-my.sharepoint.com/:b:/g/personal/prinya_mju_ac_th/IQA2LjzA_ijdQIs-GiWl84HsARIEgTnrnLxLLd7SiBOLIU8,cloud_sharepoint_onedrive,external_sharepoint
j6_content,51,5.3 เสียง,https://maejo365-my.sharepoint.com/:b:/g/personal/prinya_mju_ac_th/IQBGOFMBdqE8RLP5_WmLBkWeAQWSbNqhyn2cdyNCxuI0Wq0?e=zhsffL,https://maejo365-my.sharepoint.com/:b:/g/personal/prinya_mju_ac_th/IQBGOFMBdqE8RLP5_WmLBkWeAQWSbNqhyn2cdyNCxuI0Wq0,cloud_sharepoint_onedrive,external_sharepoint
j6_content,51,5.3 เสียง,https://maejo365-my.sharepoint.com/:b:/g/personal/prinya_mju_ac_th/IQBbBnaYUbzlT7W4J7hhJJmbAZjgdaJra-v104W4VWR0aqM?e=vw4VFa,https://maejo365-my.sharepoint.com/:b:/g/personal/prinya_mju_ac_th/IQBbBnaYUbzlT7W4J7hhJJmbAZjgdaJra-v104W4VWR0aqM,cloud_sharepoint_onedrive,external_sharepoint
j6_content,52,5.4 ความน่าอยู่,https://maejo365-my.sharepoint.com/:b:/g/personal/prinya_mju_ac_th/IQDLF_P7NaHLS6EHBk434hRtAQe_SVlbrKfNDqxjZZZEw_M?e=BKmQpp,https://maejo365-my.sharepoint.com/:b:/g/personal/prinya_mju_ac_th/IQDLF_P7NaHLS6EHBk434hRtAQe_SVlbrKfNDqxjZZZEw_M,cloud_sharepoint_onedrive,external_sharepoint
j6_content,52,5.4 ความน่าอยู่,https://maejo365-my.sharepoint.com/:b:/g/personal/prinya_mju_ac_th/IQCzgP0DnOsbT5d6S3B7_PXCARRMHCAarotc-O-IcdvBKDY?e=VEBteb,https://maejo365-my.sharepoint.com/:b:/g/personal/prinya_mju_ac_th/IQCzgP0DnOsbT5d6S3B7_PXCARRMHCAarotc-O-IcdvBKDY,cloud_sharepoint_onedrive,external_sharepoint
j6_content,52,5.4 ความน่าอยู่,https://maejo365-my.sharepoint.com/:b:/g/personal/prinya_mju_ac_th/IQCKFpN0rG0EQoOzBukD6sYrAbFSXX8SIgUE0guNXZ8MisM?e=7wKLTg,https://maejo365-my.sharepoint.com/:b:/g/personal/prinya_mju_ac_th/IQCKFpN0rG0EQoOzBukD6sYrAbFSXX8SIgUE0guNXZ8MisM,cloud_sharepoint_onedrive,external_sharepoint
j6_content,52,5.4 ความน่าอยู่,https://maejo365-my.sharepoint.com/:b:/g/personal/prinya_mju_ac_th/IQC1VjN2SmiKSpM47bDlzlpYAT9unmvj02hyNITeZi0iQT4?e=tlrKHL,https://maejo365-my.sharepoint.com/:b:/g/personal/prinya_mju_ac_th/IQC1VjN2SmiKSpM47bDlzlpYAT9unmvj02hyNITeZi0iQT4,cloud_sharepoint_onedrive,external_sharepoint
j6_content,52,5.4 ความน่าอยู่,https://maejo365-my.sharepoint.com/:b:/g/personal/prinya_mju_ac_th/IQAbC_A0pT0RQox0lwZmTznLAbiY5J4Ikb20JGRSHKKLCfs?e=ipyoxN,https://maejo365-my.sharepoint.com/:b:/g/personal/prinya_mju_ac_th/IQAbC_A0pT0RQox0lwZmTznLAbiY5J4Ikb20JGRSHKKLCfs,cloud_sharepoint_onedrive,external_sharepoint
j6_content,52,5.4 ความน่าอยู่,https://maejo365-my.sharepoint.com/:b:/g/personal/prinya_mju_ac_th/IQB8JQs_npHbSKgjtN_LtN3tAZBLSjKr55LZuRQbgVNRa9w?e=D0YMaa,https://maejo365-my.sharepoint.com/:b:/g/personal/prinya_mju_ac_th/IQB8JQs_npHbSKgjtN_LtN3tAZBLSjKr55LZuRQbgVNRa9w,cloud_sharepoint_onedrive,external_sharepoint
j6_content,52,5.4 ความน่าอยู่,https://maejo365-my.sharepoint.com/:b:/g/personal/prinya_mju_ac_th/IQDFvxCQrCOrRJpF8j8cAR2NAWd54JOMcPOKGBoVdcCzmFw?e=hRp3WU,https://maejo365-my.sharepoint.com/:b:/g/personal/prinya_mju_ac_th/IQDFvxCQrCOrRJpF8j8cAR2NAWd54JOMcPOKGBoVdcCzmFw,cloud_sharepoint_onedrive,external_sharepoint
j6_content,52,5.4 ความน่าอยู่,https://maejo365-my.sharepoint.com/:b:/g/personal/prinya_mju_ac_th/IQCpAe4DIB1AT5UdXdQLzuLNAZGRFcJc9fExE9ERJQ4DtGA?e=UgxooM,https://maejo365-my.sharepoint.com/:b:/g/personal/prinya_mju_ac_th/IQCpAe4DIB1AT5UdXdQLzuLNAZGRFcJc9fExE9ERJQ4DtGA,cloud_sharepoint_onedrive,external_sharepoint
j6_content,52,5.4 ความน่าอยู่,https://maejo365-my.sharepoint.com/:b:/g/personal/prinya_mju_ac_th/IQABBXSIL1jxQLjm5kgdBQd5AZcV3UzF-O38V-i1t2oY_50?e=IYbxmA,https://maejo365-my.sharepoint.com/:b:/g/personal/prinya_mju_ac_th/IQABBXSIL1jxQLjm5kgdBQd5AZcV3UzF-O38V-i1t2oY_50,cloud_sharepoint_onedrive,external_sharepoint
j6_content,52,5.4 ความน่าอยู่,https://maejo365-my.sharepoint.com/:b:/g/personal/prinya_mju_ac_th/IQAbc34Wlp-IT6uFLmpgI6RlAcAzMJ0gGy5bjLPriDri2UM?e=QczbYv,https://maejo365-my.sharepoint.com/:b:/g/personal/prinya_mju_ac_th/IQAbc34Wlp-IT6uFLmpgI6RlAcAzMJ0gGy5bjLPriDri2UM,cloud_sharepoint_onedrive,external_sharepoint
j6_content,53,5.5 การเตรียมพร้อมต่อสภาวะฉุกเฉิน,https://maejo365-my.sharepoint.com/:b:/g/personal/prinya_mju_ac_th/IQCkJo5Yc5QDTL4eRhUI5cEnAbG-L1L-fHHI8QOUwc1qYVA?e=8Nn6cI,https://maejo365-my.sharepoint.com/:b:/g/personal/prinya_mju_ac_th/IQCkJo5Yc5QDTL4eRhUI5cEnAbG-L1L-fHHI8QOUwc1qYVA,cloud_sharepoint_onedrive,external_sharepoint
j6_content,53,5.5 การเตรียมพร้อมต่อสภาวะฉุกเฉิน,https://maejo365-my.sharepoint.com/:b:/g/personal/prinya_mju_ac_th/IQAYZKbt8DZnR7T6LO8vJXm8Af70XBdqnp3vec2aIgrFP_w?e=TQ9u2G,https://maejo365-my.sharepoint.com/:b:/g/personal/prinya_mju_ac_th/IQAYZKbt8DZnR7T6LO8vJXm8Af70XBdqnp3vec2aIgrFP_w,cloud_sharepoint_onedrive,external_sharepoint
j6_content,53,5.5 การเตรียมพร้อมต่อสภาวะฉุกเฉิน,https://maejo365-my.sharepoint.com/:b:/g/personal/prinya_mju_ac_th/IQBLyMgFZ9l2R6xq3G47ObaLAcKTeYdF-DqMfqYOMpWPsFs?e=M1cw3O,https://maejo365-my.sharepoint.com/:b:/g/personal/prinya_mju_ac_th/IQBLyMgFZ9l2R6xq3G47ObaLAcKTeYdF-DqMfqYOMpWPsFs,cloud_sharepoint_onedrive,external_sharepoint
j6_content,53,5.5 การเตรียมพร้อมต่อสภาวะฉุกเฉิน,https://maejo365-my.sharepoint.com/:b:/g/personal/prinya_mju_ac_th/IQA9W-dh2xA_SJQtFZUtR7j3AfQ8RTYgg3lg20B8ZPtA3R8?e=cVTPXj,https://maejo365-my.sharepoint.com/:b:/g/personal/prinya_mju_ac_th/IQA9W-dh2xA_SJQtFZUtR7j3AfQ8RTYgg3lg20B8ZPtA3R8,cloud_sharepoint_onedrive,external_sharepoint
j6_content,53,5.5 การเตรียมพร้อมต่อสภาวะฉุกเฉิน,https://maejo365-my.sharepoint.com/:b:/g/personal/prinya_mju_ac_th/IQCOtDGRe7iNRphHDapltRvYAfSGf5T54l6oCXlQnxtnT4Q?e=qAmldq,https://maejo365-my.sharepoint.com/:b:/g/personal/prinya_mju_ac_th/IQCOtDGRe7iNRphHDapltRvYAfSGf5T54l6oCXlQnxtnT4Q,cloud_sharepoint_onedrive,external_sharepoint
j6_content,53,5.5 การเตรียมพร้อมต่อสภาวะฉุกเฉิน,https://maejo365-my.sharepoint.com/:b:/g/personal/prinya_mju_ac_th/IQDqmDLPX1kVSLzmm_TZilh6AVQqINSXGPijRpYpCWRjNTc?e=ubgtn1,https://maejo365-my.sharepoint.com/:b:/g/personal/prinya_mju_ac_th/IQDqmDLPX1kVSLzmm_TZilh6AVQqINSXGPijRpYpCWRjNTc,cloud_sharepoint_onedrive,external_sharepoint
j6_content,53,5.5 การเตรียมพร้อมต่อสภาวะฉุกเฉิน,https://maejo365-my.sharepoint.com/:b:/g/personal/prinya_mju_ac_th/IQDkLnQJM1qtRKZ4jAcY-cMIAZNcrWNIjv2Isdtg2LoO1c4?e=2YP0Vn,https://maejo365-my.sharepoint.com/:b:/g/personal/prinya_mju_ac_th/IQDkLnQJM1qtRKZ4jAcY-cMIAZNcrWNIjv2Isdtg2LoO1c4,cloud_sharepoint_onedrive,external_sharepoint
j6_content,53,5.5 การเตรียมพร้อมต่อสภาวะฉุกเฉิน,https://maejo365-my.sharepoint.com/:b:/g/personal/prinya_mju_ac_th/IQCUOvRsII7ETpIC1LoRMaCQAUVI3R8SPHd3DGHnyLLXR4c?e=tRq6Pp,https://maejo365-my.sharepoint.com/:b:/g/personal/prinya_mju_ac_th/IQCUOvRsII7ETpIC1LoRMaCQAUVI3R8SPHd3DGHnyLLXR4c,cloud_sharepoint_onedrive,external_sharepoint
j6_content,53,5.5 การเตรียมพร้อมต่อสภาวะฉุกเฉิน,https://maejo365-my.sharepoint.com/:b:/g/personal/prinya_mju_ac_th/IQBIKPrJibpWQ7hDVyTuk4FiAWu_5bW9Cf0NJ3CgBv-70vM?e=rEuX9a,https://maejo365-my.sharepoint.com/:b:/g/personal/prinya_mju_ac_th/IQBIKPrJibpWQ7hDVyTuk4FiAWu_5bW9Cf0NJ3CgBv-70vM,cloud_sharepoint_onedrive,external_sharepoint
j6_content,53,5.5 การเตรียมพร้อมต่อสภาวะฉุกเฉิน,https://maejo365-my.sharepoint.com/:b:/g/personal/prinya_mju_ac_th/IQDdDX0OqcniQ4Euz7elM53RAXLzdW_IzvAn1Cdg2o6WoTs?e=oRTrcz,https://maejo365-my.sharepoint.com/:b:/g/personal/prinya_mju_ac_th/IQDdDX0OqcniQ4Euz7elM53RAXLzdW_IzvAn1Cdg2o6WoTs,cloud_sharepoint_onedrive,external_sharepoint
j6_content,53,5.5 การเตรียมพร้อมต่อสภาวะฉุกเฉิน,https://maejo365-my.sharepoint.com/:b:/g/personal/prinya_mju_ac_th/IQASdsO9td6CQo_fh6lIKkvYAZIlFqrgEPIW90d0rXaKfTo?e=NCdjsz,https://maejo365-my.sharepoint.com/:b:/g/personal/prinya_mju_ac_th/IQASdsO9td6CQo_fh6lIKkvYAZIlFqrgEPIW90d0rXaKfTo,cloud_sharepoint_onedrive,external_sharepoint
j6_content,53,5.5 การเตรียมพร้อมต่อสภาวะฉุกเฉิน,https://maejo365-my.sharepoint.com/:b:/g/personal/prinya_mju_ac_th/IQB61IkZiiTyRopxtfSsnPcAAY0WnfGfRbr7oKtOKRhQtDc?e=RK3dDa,https://maejo365-my.sharepoint.com/:b:/g/personal/prinya_mju_ac_th/IQB61IkZiiTyRopxtfSsnPcAAY0WnfGfRbr7oKtOKRhQtDc,cloud_sharepoint_onedrive,external_sharepoint
j6_content,53,5.5 การเตรียมพร้อมต่อสภาวะฉุกเฉิน,https://maejo365-my.sharepoint.com/:b:/g/personal/prinya_mju_ac_th/IQA3e3_RMpeCR78f7yyGVLRHAeWWwzmFaT_VMOWsmfR0ysc?e=pM2Y4b,https://maejo365-my.sharepoint.com/:b:/g/personal/prinya_mju_ac_th/IQA3e3_RMpeCR78f7yyGVLRHAeWWwzmFaT_VMOWsmfR0ysc,cloud_sharepoint_onedrive,external_sharepoint
j6_content,53,5.5 การเตรียมพร้อมต่อสภาวะฉุกเฉิน,https://maejo365-my.sharepoint.com/:b:/g/personal/prinya_mju_ac_th/IQDcRXllHXiFTo8K9-NUVdoZAQMopUxpR_Pq3r5Czsl4AIg?e=kS0nRn,https://maejo365-my.sharepoint.com/:b:/g/personal/prinya_mju_ac_th/IQDcRXllHXiFTo8K9-NUVdoZAQMopUxpR_Pq3r5Czsl4AIg,cloud_sharepoint_onedrive,external_sharepoint
j6_content,53,5.5 การเตรียมพร้อมต่อสภาวะฉุกเฉิน,https://maejo365-my.sharepoint.com/:b:/g/personal/prinya_mju_ac_th/IQBGoDv_ck6mRqh9W-Q6rwTIAcCBp1t0bjx-pgw6Q2F0HY4?e=6lvXfl,https://maejo365-my.sharepoint.com/:b:/g/personal/prinya_mju_ac_th/IQBGoDv_ck6mRqh9W-Q6rwTIAcCBp1t0bjx-pgw6Q2F0HY4,cloud_sharepoint_onedrive,external_sharepoint
j6_content,53,5.5 การเตรียมพร้อมต่อสภาวะฉุกเฉิน,https://maejo365-my.sharepoint.com/:b:/g/personal/prinya_mju_ac_th/IQA9fYLXRKT-R7Zx7dUD3woXASUw6Mxxq8Sl3cjB3EqO7_o?e=BwTNHu,https://maejo365-my.sharepoint.com/:b:/g/personal/prinya_mju_ac_th/IQA9fYLXRKT-R7Zx7dUD3woXASUw6Mxxq8Sl3cjB3EqO7_o,cloud_sharepoint_onedrive,external_sharepoint
j6_content,53,5.5 การเตรียมพร้อมต่อสภาวะฉุกเฉิน,https://maejo365-my.sharepoint.com/:b:/g/personal/prinya_mju_ac_th/IQCmQSDlMaw8TK4lsNrf2NczAdNDBdvYYLdLMXeRpUSD8Ag?e=ww58Rk,https://maejo365-my.sharepoint.com/:b:/g/personal/prinya_mju_ac_th/IQCmQSDlMaw8TK4lsNrf2NczAdNDBdvYYLdLMXeRpUSD8Ag,cloud_sharepoint_onedrive,external_sharepoint
j6_content,53,5.5 การเตรียมพร้อมต่อสภาวะฉุกเฉิน,https://maejo365-my.sharepoint.com/:b:/g/personal/prinya_mju_ac_th/IQD0WNAKCu6oT7wR3_Hf2fowAZHIj_nxrwypJ7cgCmoJaMk?e=lElWRR,https://maejo365-my.sharepoint.com/:b:/g/personal/prinya_mju_ac_th/IQD0WNAKCu6oT7wR3_Hf2fowAZHIj_nxrwypJ7cgCmoJaMk,cloud_sharepoint_onedrive,external_sharepoint
j6_content,53,5.5 การเตรียมพร้อมต่อสภาวะฉุกเฉิน,https://maejo365-my.sharepoint.com/:b:/g/personal/prinya_mju_ac_th/IQAcMrWi_xenRIPVsOfrj4y7AdmF6o4KBGAWic_qGQK7W1E?e=fbkcOB,https://maejo365-my.sharepoint.com/:b:/g/personal/prinya_mju_ac_th/IQAcMrWi_xenRIPVsOfrj4y7AdmF6o4KBGAWic_qGQK7W1E,cloud_sharepoint_onedrive,external_sharepoint
j6_content,53,5.5 การเตรียมพร้อมต่อสภาวะฉุกเฉิน,https://maejo365-my.sharepoint.com/:b:/g/personal/prinya_mju_ac_th/IQCwWmFQf33gQpx_Vpd0veWYARR14juQskzU-DOVASwhNdM?e=DXardm,https://maejo365-my.sharepoint.com/:b:/g/personal/prinya_mju_ac_th/IQCwWmFQf33gQpx_Vpd0veWYARR14juQskzU-DOVASwhNdM,cloud_sharepoint_onedrive,external_sharepoint
j6_content,54,6.1 การจัดซื้อสินค้า,https://maejo365-my.sharepoint.com/:b:/g/personal/prinya_mju_ac_th/IQD7Q-1zxvk5SoVdXuYoZK3SATbvoxDZJI1Zq13Ova57zpA?e=ziIwtL,https://maejo365-my.sharepoint.com/:b:/g/personal/prinya_mju_ac_th/IQD7Q-1zxvk5SoVdXuYoZK3SATbvoxDZJI1Zq13Ova57zpA,cloud_sharepoint_onedrive,external_sharepoint
j6_content,54,6.1 การจัดซื้อสินค้า,https://maejo365-my.sharepoint.com/:b:/g/personal/prinya_mju_ac_th/IQBOZFgcmNhEQaxiMYdwFL92AZH89HEKIdYmBz9SYcQxS48?e=N8IWZk,https://maejo365-my.sharepoint.com/:b:/g/personal/prinya_mju_ac_th/IQBOZFgcmNhEQaxiMYdwFL92AZH89HEKIdYmBz9SYcQxS48,cloud_sharepoint_onedrive,external_sharepoint
j6_content,54,6.1 การจัดซื้อสินค้า,https://maejo365-my.sharepoint.com/:b:/g/personal/prinya_mju_ac_th/IQC90BTv-312RaHCwVPM20qRAc9Y2OI1ssoEy9mNs1KEUWQ?e=mOV72F,https://maejo365-my.sharepoint.com/:b:/g/personal/prinya_mju_ac_th/IQC90BTv-312RaHCwVPM20qRAc9Y2OI1ssoEy9mNs1KEUWQ,cloud_sharepoint_onedrive,external_sharepoint
j6_content,54,6.1 การจัดซื้อสินค้า,https://maejo365-my.sharepoint.com/:b:/g/personal/prinya_mju_ac_th/IQD-H6wzztesS6NAJAtzchbAAdDnAvXh7r23D2OGuORF6SY?e=IlciJK,https://maejo365-my.sharepoint.com/:b:/g/personal/prinya_mju_ac_th/IQD-H6wzztesS6NAJAtzchbAAdDnAvXh7r23D2OGuORF6SY,cloud_sharepoint_onedrive,external_sharepoint
j6_content,54,6.1 การจัดซื้อสินค้า,https://maejo365-my.sharepoint.com/:b:/g/personal/prinya_mju_ac_th/IQDvleGZp0ybR5lcUI9sb9oFAY_UNKISfNPWU9MIoaQEmig?e=2UHyfL,https://maejo365-my.sharepoint.com/:b:/g/personal/prinya_mju_ac_th/IQDvleGZp0ybR5lcUI9sb9oFAY_UNKISfNPWU9MIoaQEmig,cloud_sharepoint_onedrive,external_sharepoint
j6_content,54,6.1 การจัดซื้อสินค้า,https://maejo365-my.sharepoint.com/:b:/g/personal/prinya_mju_ac_th/IQAqpU1lyx2_QorSOqJ9vj3pAc-moB-mprTMMgVbS5L9ZHU?e=dJ1lIl,https://maejo365-my.sharepoint.com/:b:/g/personal/prinya_mju_ac_th/IQAqpU1lyx2_QorSOqJ9vj3pAc-moB-mprTMMgVbS5L9ZHU,cloud_sharepoint_onedrive,external_sharepoint
j6_content,54,6.1 การจัดซื้อสินค้า,https://maejo365-my.sharepoint.com/:b:/g/personal/prinya_mju_ac_th/IQD97U15MVArQ7zZ9U4aRv53AVEz9HGidF4lRJSc5S0I3W8?e=BthfkK,https://maejo365-my.sharepoint.com/:b:/g/personal/prinya_mju_ac_th/IQD97U15MVArQ7zZ9U4aRv53AVEz9HGidF4lRJSc5S0I3W8,cloud_sharepoint_onedrive,external_sharepoint
j6_content,54,6.1 การจัดซื้อสินค้า,https://maejo365-my.sharepoint.com/:b:/g/personal/prinya_mju_ac_th/IQDUD8lqzCVEQor9rv29RdfGAU5wqR4pgXJgONPR9zAgm2A?e=VdNo5r,https://maejo365-my.sharepoint.com/:b:/g/personal/prinya_mju_ac_th/IQDUD8lqzCVEQor9rv29RdfGAU5wqR4pgXJgONPR9zAgm2A,cloud_sharepoint_onedrive,external_sharepoint
j6_content,54,6.1 การจัดซื้อสินค้า,https://maejo365-my.sharepoint.com/:b:/g/personal/prinya_mju_ac_th/IQBL9UtCfFOfRIkUXd9Erl6vASwgsfzRM3Ub16eITp2ziEU?e=1bZE6a,https://maejo365-my.sharepoint.com/:b:/g/personal/prinya_mju_ac_th/IQBL9UtCfFOfRIkUXd9Erl6vASwgsfzRM3Ub16eITp2ziEU,cloud_sharepoint_onedrive,external_sharepoint
j6_content,55,6.2 การจัดจ้าง,https://maejo365-my.sharepoint.com/:b:/g/personal/prinya_mju_ac_th/IQDAZKLVUFieR7vJLB-HHAYIAd0ov4Vt0Nt1xNslFpkwrCY?e=btWXBa,https://maejo365-my.sharepoint.com/:b:/g/personal/prinya_mju_ac_th/IQDAZKLVUFieR7vJLB-HHAYIAd0ov4Vt0Nt1xNslFpkwrCY,cloud_sharepoint_onedrive,external_sharepoint
j6_content,55,6.2 การจัดจ้าง,https://maejo365-my.sharepoint.com/:b:/g/personal/prinya_mju_ac_th/IQBaEWYkHHTTTpfX_P935kl6AbfTDYUC3gnN6PC2HYnAK3k?e=eqdjzw,https://maejo365-my.sharepoint.com/:b:/g/personal/prinya_mju_ac_th/IQBaEWYkHHTTTpfX_P935kl6AbfTDYUC3gnN6PC2HYnAK3k,cloud_sharepoint_onedrive,external_sharepoint
j6_content,55,6.2 การจัดจ้าง,https://maejo365-my.sharepoint.com/:b:/g/personal/prinya_mju_ac_th/IQD3ngtvwEgGSp-LXv7AIkt3ASZm2djoYwtqnLlwe8uXdFM?e=kGaBry,https://maejo365-my.sharepoint.com/:b:/g/personal/prinya_mju_ac_th/IQD3ngtvwEgGSp-LXv7AIkt3ASZm2djoYwtqnLlwe8uXdFM,cloud_sharepoint_onedrive,external_sharepoint
j6_content,55,6.2 การจัดจ้าง,https://maejo365-my.sharepoint.com/:b:/g/personal/prinya_mju_ac_th/IQAew3IFj3IwRJ4D7GLYYxIsAQ2MS0f9rSJRbhGPiOzWnpQ?e=CXt0P8,https://maejo365-my.sharepoint.com/:b:/g/personal/prinya_mju_ac_th/IQAew3IFj3IwRJ4D7GLYYxIsAQ2MS0f9rSJRbhGPiOzWnpQ,cloud_sharepoint_onedrive,external_sharepoint
j6_content,55,6.2 การจัดจ้าง,https://maejo365-my.sharepoint.com/:b:/g/personal/prinya_mju_ac_th/IQDGKkehnMAqSriqI_ih4ReWAVRxjzYlb8fZrXoWkvy3Dto?e=UpbBzD,https://maejo365-my.sharepoint.com/:b:/g/personal/prinya_mju_ac_th/IQDGKkehnMAqSriqI_ih4ReWAVRxjzYlb8fZrXoWkvy3Dto,cloud_sharepoint_onedrive,external_sharepoint
j6_content,55,6.2 การจัดจ้าง,https://maejo365-my.sharepoint.com/:b:/g/personal/prinya_mju_ac_th/IQA0oxqNiMx_R4kZtkgnb7UxAZQCXs6KwaUfwPYRS646uVQ?e=PXT4SN,https://maejo365-my.sharepoint.com/:b:/g/personal/prinya_mju_ac_th/IQA0oxqNiMx_R4kZtkgnb7UxAZQCXs6KwaUfwPYRS646uVQ,cloud_sharepoint_onedrive,external_sharepoint
j6_content,55,6.2 การจัดจ้าง,https://maejo365-my.sharepoint.com/:b:/g/personal/prinya_mju_ac_th/IQDZ4xqLk6llRpDLebrB4RP5AZ7n1hYS9tvoOqupfEyIwos?e=cNwjmH,https://maejo365-my.sharepoint.com/:b:/g/personal/prinya_mju_ac_th/IQDZ4xqLk6llRpDLebrB4RP5AZ7n1hYS9tvoOqupfEyIwos,cloud_sharepoint_onedrive,external_sharepoint
j6_content,55,6.2 การจัดจ้าง,https://maejo365-my.sharepoint.com/:b:/g/personal/prinya_mju_ac_th/IQCIE3GYbDQrRrTZS7FJodBeAWM2HEln-xIMlsC8HOc1kwA?e=geg2A8,https://maejo365-my.sharepoint.com/:b:/g/personal/prinya_mju_ac_th/IQCIE3GYbDQrRrTZS7FJodBeAWM2HEln-xIMlsC8HOc1kwA,cloud_sharepoint_onedrive,external_sharepoint
j6_content,55,6.2 การจัดจ้าง,https://maejo365-my.sharepoint.com/:b:/g/personal/prinya_mju_ac_th/IQCQfuIs0JN0QLGA4A9oOm3JAS89bajOFPfbI67hWgsBT-o?e=6b9BCX,https://maejo365-my.sharepoint.com/:b:/g/personal/prinya_mju_ac_th/IQCQfuIs0JN0QLGA4A9oOm3JAS89bajOFPfbI67hWgsBT-o,cloud_sharepoint_onedrive,external_sharepoint
j6_content,55,6.2 การจัดจ้าง,https://maejo365-my.sharepoint.com/:b:/g/personal/prinya_mju_ac_th/IQC6DZf4MnnfS7F8wf4_ITxZAfVvHKTBy2jUksZiLnZzXFU?e=9ggzU6,https://maejo365-my.sharepoint.com/:b:/g/personal/prinya_mju_ac_th/IQC6DZf4MnnfS7F8wf4_ITxZAfVvHKTBy2jUksZiLnZzXFU,cloud_sharepoint_onedrive,external_sharepoint
j6_content,55,6.2 การจัดจ้าง,https://maejo365-my.sharepoint.com/:b:/g/personal/prinya_mju_ac_th/IQAwxkHjUkzARK-TgVZin_xEAXhVLetuiddzhKpOSGBkV74?e=i7TIb1,https://maejo365-my.sharepoint.com/:b:/g/personal/prinya_mju_ac_th/IQAwxkHjUkzARK-TgVZin_xEAXhVLetuiddzhKpOSGBkV74,cloud_sharepoint_onedrive,external_sharepoint
j6_content,55,6.2 การจัดจ้าง,https://maejo365-my.sharepoint.com/:b:/g/personal/prinya_mju_ac_th/IQCmZBIN7dtKR6aQax6rMyj6AfthIQTUW8em7V5m2DBlrkI?e=SriSqP,https://maejo365-my.sharepoint.com/:b:/g/personal/prinya_mju_ac_th/IQCmZBIN7dtKR6aQax6rMyj6AfthIQTUW8em7V5m2DBlrkI,cloud_sharepoint_onedrive,external_sharepoint
j6_content,55,6.2 การจัดจ้าง,https://maejo365-my.sharepoint.com/:b:/g/personal/prinya_mju_ac_th/IQAIkpfj5UzCQ4CIIpbTn1aRAehPdwHOGDRsYKODcRrn67I?e=xaPTMW,https://maejo365-my.sharepoint.com/:b:/g/personal/prinya_mju_ac_th/IQAIkpfj5UzCQ4CIIpbTn1aRAehPdwHOGDRsYKODcRrn67I,cloud_sharepoint_onedrive,external_sharepoint
j6_content,55,6.2 การจัดจ้าง,https://maejo365-my.sharepoint.com/:b:/g/personal/prinya_mju_ac_th/IQCVF6fP7mW5SY7Rx5FZo8qHAaByk_WiClgpyuz5eSC4gcA?e=09xtrT,https://maejo365-my.sharepoint.com/:b:/g/personal/prinya_mju_ac_th/IQCVF6fP7mW5SY7Rx5FZo8qHAaByk_WiClgpyuz5eSC4gcA,cloud_sharepoint_onedrive,external_sharepoint
j6_content,55,6.2 การจัดจ้าง,https://maejo365-my.sharepoint.com/:b:/g/personal/prinya_mju_ac_th/IQDUp88sVv3pR52bLD51BYaOAWCxvsPCfKETnqF7Gop2nBs?e=OMFWMz,https://maejo365-my.sharepoint.com/:b:/g/personal/prinya_mju_ac_th/IQDUp88sVv3pR52bLD51BYaOAWCxvsPCfKETnqF7Gop2nBs,cloud_sharepoint_onedrive,external_sharepoint
j6_content,55,6.2 การจัดจ้าง,https://maejo365-my.sharepoint.com/:b:/g/personal/prinya_mju_ac_th/IQBSJrLdLXhxT5JOjuTTBepFAd3pljg7sAoVowX0wj4YXlg?e=x21Esc,https://maejo365-my.sharepoint.com/:b:/g/personal/prinya_mju_ac_th/IQBSJrLdLXhxT5JOjuTTBepFAd3pljg7sAoVowX0wj4YXlg,cloud_sharepoint_onedrive,external_sharepoint
j6_content,55,6.2 การจัดจ้าง,https://maejo365-my.sharepoint.com/:b:/g/personal/prinya_mju_ac_th/IQAVdn84mF67Tr1B667IJh3cAYE-rgIUZ9TBGEI_BePEo2c?e=Vr1h52,https://maejo365-my.sharepoint.com/:b:/g/personal/prinya_mju_ac_th/IQAVdn84mF67Tr1B667IJh3cAYE-rgIUZ9TBGEI_BePEo2c,cloud_sharepoint_onedrive,external_sharepoint
j6_content,55,6.2 การจัดจ้าง,https://maejo365-my.sharepoint.com/:b:/g/personal/prinya_mju_ac_th/IQDbdEr3zOPkQqTMehkSZlVgAVjDNvpq-E7LVU7T0YzCZUE?e=uu5xsk,https://maejo365-my.sharepoint.com/:b:/g/personal/prinya_mju_ac_th/IQDbdEr3zOPkQqTMehkSZlVgAVjDNvpq-E7LVU7T0YzCZUE,cloud_sharepoint_onedrive,external_sharepoint
j6_content,55,6.2 การจัดจ้าง,https://maejo365-my.sharepoint.com/:b:/g/personal/prinya_mju_ac_th/IQDG-jRUwPTuRYSv-P8llAoAAR4bma4zko7ie25pWOqbxiI?e=4Leos8,https://maejo365-my.sharepoint.com/:b:/g/personal/prinya_mju_ac_th/IQDG-jRUwPTuRYSv-P8llAoAAR4bma4zko7ie25pWOqbxiI,cloud_sharepoint_onedrive,external_sharepoint
j6_content,55,6.2 การจัดจ้าง,https://maejo365-my.sharepoint.com/:b:/g/personal/prinya_mju_ac_th/IQBR4F9j42hATZzdYm2m0YlqAfm5Rg9GHN1jUEvh-u_L11Y?e=ZWBkDw,https://maejo365-my.sharepoint.com/:b:/g/personal/prinya_mju_ac_th/IQBR4F9j42hATZzdYm2m0YlqAfm5Rg9GHN1jUEvh-u_L11Y,cloud_sharepoint_onedrive,external_sharepoint
j6_content,55,6.2 การจัดจ้าง,https://maejo365-my.sharepoint.com/:b:/g/personal/prinya_mju_ac_th/IQAzH7YVJ4YRS407KYTBI7WeASjg277gUgsBWGri-OTKHzs?e=rAUP8P,https://maejo365-my.sharepoint.com/:b:/g/personal/prinya_mju_ac_th/IQAzH7YVJ4YRS407KYTBI7WeASjg277gUgsBWGri-OTKHzs,cloud_sharepoint_onedrive,external_sharepoint
j6_content,56,7.1 การตรวจประเมินสำนักงานสีเขียว,https://maejo365-my.sharepoint.com/:b:/g/personal/prinya_mju_ac_th/IQCaCdANezmBSKV1WchvZCNDAYEAOkg0ttCfgpJVurFIupQ?e=nv5hYD,https://maejo365-my.sharepoint.com/:b:/g/personal/prinya_mju_ac_th/IQCaCdANezmBSKV1WchvZCNDAYEAOkg0ttCfgpJVurFIupQ,cloud_sharepoint_onedrive,external_sharepoint
j6_content,57,7.2 การพัฒนาหรือต่อยอดการดำเนินงาน,https://maejo365-my.sharepoint.com/:b:/g/personal/prinya_mju_ac_th/IQD0Dc8_a9MvQbO6KFs_pYVWAde-OedrAP8ogLEJOT6DusI?e=33Nf5E,https://maejo365-my.sharepoint.com/:b:/g/personal/prinya_mju_ac_th/IQD0Dc8_a9MvQbO6KFs_pYVWAde-OedrAP8ogLEJOT6DusI,cloud_sharepoint_onedrive,external_sharepoint
