relative_path,filename,extension,file_type,risk_classification,recommended_exclusion,size_bytes
configuration.php,configuration.php,php,joomla_config,joomla_config,exclude,4286
plugins/system/t4/themes/base/html/layouts/joomla/form/field/password.php,password.php,php,secret_pattern,secret_pattern,exclude,7597
plugins/system/helixultimate/overrides/layouts/joomla/form/field/password.php,password.php,php,secret_pattern,secret_pattern,exclude,6199
plugins/system/helixultimate/overrides_legacy/layouts/joomla/form/field/password.php,password.php,php,secret_pattern,secret_pattern,exclude,3568
administrator/components/com_banners/sql/uninstall.mysql.utf8.sql,uninstall.mysql.utf8.sql,sql,database_dump,database_dump,exclude,121
administrator/components/com_banners/sql/install.mysql.utf8.sql,install.mysql.utf8.sql,sql,database_dump,database_dump,exclude,3131
administrator/components/com_t4pagebuilder/sql/install/mysql/uninstall.mysql.utf8.sql,uninstall.mysql.utf8.sql,sql,database_dump,database_dump,exclude,76
administrator/components/com_t4pagebuilder/sql/install/mysql/install.mysql.utf8.sql,install.mysql.utf8.sql,sql,database_dump,database_dump,exclude,2637
administrator/components/com_t4pagebuilder/sql/updates/mysql/2.0.2.sql,2.0.2.sql,sql,database_dump,database_dump,exclude,122
administrator/components/com_t4pagebuilder/sql/updates/mysql/1.0.1-2020-08-04.sql,1.0.1-2020-08-04.sql,sql,database_dump,database_dump,exclude,362
administrator/components/com_admin/sql/updates/mysql/6.0.0-2025-09-26.sql,6.0.0-2025-09-26.sql,sql,database_dump,database_dump,exclude,745
administrator/components/com_admin/sql/updates/mysql/6.0.0-2025-08-16.sql,6.0.0-2025-08-16.sql,sql,database_dump,database_dump,exclude,485
administrator/components/com_admin/sql/updates/mysql/6.0.0-2025-09-17.sql,6.0.0-2025-09-17.sql,sql,database_dump,database_dump,exclude,1629
administrator/components/com_admin/sql/updates/mysql/6.0.0-2025-08-17.sql,6.0.0-2025-08-17.sql,sql,database_dump,database_dump,exclude,533
administrator/components/com_admin/sql/updates/mysql/6.0.0-2025-03-25.sql,6.0.0-2025-03-25.sql,sql,database_dump,database_dump,exclude,347
administrator/components/com_admin/sql/updates/mysql/6.0.0-2025-09-16.sql,6.0.0-2025-09-16.sql,sql,database_dump,database_dump,exclude,332
administrator/components/com_admin/sql/updates/mysql/6.0.0-2024-08-11.sql,6.0.0-2024-08-11.sql,sql,database_dump,database_dump,exclude,203
administrator/components/com_admin/sql/updates/mysql/6.0.0-2025-09-23.sql,6.0.0-2025-09-23.sql,sql,database_dump,database_dump,exclude,184
administrator/components/com_admin/sql/updates/mysql/6.0.0-2025-08-02.sql,6.0.0-2025-08-02.sql,sql,database_dump,database_dump,exclude,5793
administrator/components/com_admin/sql/updates/mysql/6.0.0-2025-09-05.sql,6.0.0-2025-09-05.sql,sql,database_dump,database_dump,exclude,2186
administrator/components/com_admin/sql/updates/mysql/6.0.1-2025-10-29.sql,6.0.1-2025-10-29.sql,sql,database_dump,database_dump,exclude,556
administrator/components/com_admin/sql/updates/mysql/6.0.0-2025-10-11.sql,6.0.0-2025-10-11.sql,sql,database_dump,database_dump,exclude,236
administrator/components/com_admin/sql/updates/mysql/6.0.0-2025-05-20.sql,6.0.0-2025-05-20.sql,sql,database_dump,database_dump,exclude,118
administrator/components/com_admin/sql/updates/postgresql/6.0.0-2025-09-26.sql,6.0.0-2025-09-26.sql,sql,database_dump,database_dump,exclude,847
administrator/components/com_admin/sql/updates/postgresql/6.0.0-2025-08-16.sql,6.0.0-2025-08-16.sql,sql,database_dump,database_dump,exclude,485
administrator/components/com_admin/sql/updates/postgresql/6.0.0-2025-09-17.sql,6.0.0-2025-09-17.sql,sql,database_dump,database_dump,exclude,1617
administrator/components/com_admin/sql/updates/postgresql/6.0.0-2025-08-17.sql,6.0.0-2025-08-17.sql,sql,database_dump,database_dump,exclude,533
administrator/components/com_admin/sql/updates/postgresql/6.0.0-2025-03-25.sql,6.0.0-2025-03-25.sql,sql,database_dump,database_dump,exclude,363
administrator/components/com_admin/sql/updates/postgresql/6.0.0-2025-09-16.sql,6.0.0-2025-09-16.sql,sql,database_dump,database_dump,exclude,332
administrator/components/com_admin/sql/updates/postgresql/6.0.0-2024-08-11.sql,6.0.0-2024-08-11.sql,sql,database_dump,database_dump,exclude,203
administrator/components/com_admin/sql/updates/postgresql/6.0.0-2025-09-23.sql,6.0.0-2025-09-23.sql,sql,database_dump,database_dump,exclude,184
administrator/components/com_admin/sql/updates/postgresql/6.0.0-2025-10-10.sql,6.0.0-2025-10-10.sql,sql,database_dump,database_dump,exclude,165
administrator/components/com_admin/sql/updates/postgresql/6.0.0-2025-08-02.sql,6.0.0-2025-08-02.sql,sql,database_dump,database_dump,exclude,5855
administrator/components/com_admin/sql/updates/postgresql/6.0.0-2025-09-05.sql,6.0.0-2025-09-05.sql,sql,database_dump,database_dump,exclude,2186
administrator/components/com_admin/sql/updates/postgresql/6.0.1-2025-10-29.sql,6.0.1-2025-10-29.sql,sql,database_dump,database_dump,exclude,702
administrator/components/com_admin/sql/updates/postgresql/6.0.0-2025-10-11.sql,6.0.0-2025-10-11.sql,sql,database_dump,database_dump,exclude,238
administrator/components/com_admin/sql/updates/postgresql/6.0.0-2025-05-20.sql,6.0.0-2025-05-20.sql,sql,database_dump,database_dump,exclude,118
administrator/components/com_admin/src/Service/HTML/Configuration.php,Configuration.php,php,joomla_config,joomla_config,exclude,1008
administrator/components/com_contact/sql/uninstall.mysql.utf8.sql,uninstall.mysql.utf8.sql,sql,database_dump,database_dump,exclude,44
administrator/components/com_contact/sql/install.mysql.utf8.sql,install.mysql.utf8.sql,sql,database_dump,database_dump,exclude,2019
administrator/components/com_newsfeeds/sql/uninstall.mysql.utf8.sql,uninstall.mysql.utf8.sql,sql,database_dump,database_dump,exclude,38
administrator/components/com_newsfeeds/sql/install.mysql.utf8.sql,install.mysql.utf8.sql,sql,database_dump,database_dump,exclude,1549
administrator/components/com_sppagebuilder/assets/vendor/facebook/graph-sdk/src/Facebook/HttpClients/certs/DigiCertHighAssuranceEVRootCA.pem,DigiCertHighAssuranceEVRootCA.pem,pem,crypto_key,crypto_key,exclude,1367
administrator/components/com_sppagebuilder/sql/install/mysql/uninstall.mysql.utf8.sql,uninstall.mysql.utf8.sql,sql,database_dump,database_dump,exclude,0
administrator/components/com_sppagebuilder/sql/install/mysql/install.mysql.utf8.sql,install.mysql.utf8.sql,sql,database_dump,database_dump,exclude,11871
administrator/components/com_sppagebuilder/sql/install/postgresql/install.postgresql.sql,install.postgresql.sql,sql,database_dump,database_dump,exclude,3384
administrator/components/com_sppagebuilder/sql/updates/mysql/5.1.1.sql,5.1.1.sql,sql,database_dump,database_dump,exclude,17
administrator/components/com_sppagebuilder/sql/updates/mysql/3.7.11.sql,3.7.11.sql,sql,database_dump,database_dump,exclude,9
administrator/components/com_sppagebuilder/sql/updates/mysql/6.2.0.sql,6.2.0.sql,sql,database_dump,database_dump,exclude,17
administrator/components/com_sppagebuilder/sql/updates/mysql/5.0.0-rc.1.sql,5.0.0-rc.1.sql,sql,database_dump,database_dump,exclude,0
administrator/components/com_sppagebuilder/sql/updates/mysql/5.5.1.sql,5.5.1.sql,sql,database_dump,database_dump,exclude,17
administrator/components/com_sppagebuilder/sql/updates/mysql/3.8.4.sql,3.8.4.sql,sql,database_dump,database_dump,exclude,8
administrator/components/com_sppagebuilder/sql/updates/mysql/5.0.0.sql,5.0.0.sql,sql,database_dump,database_dump,exclude,0
administrator/components/com_sppagebuilder/sql/updates/mysql/5.2.0.sql,5.2.0.sql,sql,database_dump,database_dump,exclude,17
administrator/components/com_sppagebuilder/sql/updates/mysql/5.7.0.sql,5.7.0.sql,sql,database_dump,database_dump,exclude,331
administrator/components/com_sppagebuilder/sql/updates/mysql/3.8.1.sql,3.8.1.sql,sql,database_dump,database_dump,exclude,12
administrator/components/com_sppagebuilder/sql/updates/mysql/5.3.2.sql,5.3.2.sql,sql,database_dump,database_dump,exclude,17
administrator/components/com_sppagebuilder/sql/updates/mysql/4.0.7.sql,4.0.7.sql,sql,database_dump,database_dump,exclude,8
administrator/components/com_sppagebuilder/sql/updates/mysql/5.4.4.sql,5.4.4.sql,sql,database_dump,database_dump,exclude,17
administrator/components/com_sppagebuilder/sql/updates/mysql/5.3.1.sql,5.3.1.sql,sql,database_dump,database_dump,exclude,297
administrator/components/com_sppagebuilder/sql/updates/mysql/5.2.4.sql,5.2.4.sql,sql,database_dump,database_dump,exclude,17
administrator/components/com_sppagebuilder/sql/updates/mysql/3.7.12.sql,3.7.12.sql,sql,database_dump,database_dump,exclude,9
administrator/components/com_sppagebuilder/sql/updates/mysql/3.3-2018-06-28.sql,3.3-2018-06-28.sql,sql,database_dump,database_dump,exclude,155
administrator/components/com_sppagebuilder/sql/updates/mysql/5.4.3.sql,5.4.3.sql,sql,database_dump,database_dump,exclude,17
administrator/components/com_sppagebuilder/sql/updates/mysql/5.4.6.sql,5.4.6.sql,sql,database_dump,database_dump,exclude,17
administrator/components/com_sppagebuilder/sql/updates/mysql/2.0-2016-11-04.sql,2.0-2016-11-04.sql,sql,database_dump,database_dump,exclude,1507
administrator/components/com_sppagebuilder/sql/updates/mysql/5.2.3.sql,5.2.3.sql,sql,database_dump,database_dump,exclude,17
administrator/components/com_sppagebuilder/sql/updates/mysql/5.3.0.sql,5.3.0.sql,sql,database_dump,database_dump,exclude,17
administrator/components/com_sppagebuilder/sql/updates/mysql/5.5.2.sql,5.5.2.sql,sql,database_dump,database_dump,exclude,17
administrator/components/com_sppagebuilder/sql/updates/mysql/5.0.8.sql,5.0.8.sql,sql,database_dump,database_dump,exclude,17
administrator/components/com_sppagebuilder/sql/updates/mysql/5.0.5.sql,5.0.5.sql,sql,database_dump,database_dump,exclude,17
administrator/components/com_sppagebuilder/sql/updates/mysql/3.8.9.sql,3.8.9.sql,sql,database_dump,database_dump,exclude,8
administrator/components/com_sppagebuilder/sql/updates/mysql/3.8.5.sql,3.8.5.sql,sql,database_dump,database_dump,exclude,8
administrator/components/com_sppagebuilder/sql/updates/mysql/4.0.2.sql,4.0.2.sql,sql,database_dump,database_dump,exclude,8
administrator/components/com_sppagebuilder/sql/updates/mysql/5.5.5.sql,5.5.5.sql,sql,database_dump,database_dump,exclude,372
administrator/components/com_sppagebuilder/sql/updates/mysql/3.1-2018-01-01.sql,3.1-2018-01-01.sql,sql,database_dump,database_dump,exclude,328
administrator/components/com_sppagebuilder/sql/updates/mysql/5.2.1.sql,5.2.1.sql,sql,database_dump,database_dump,exclude,17
administrator/components/com_sppagebuilder/sql/updates/mysql/3.7.5.sql,3.7.5.sql,sql,database_dump,database_dump,exclude,1495
administrator/components/com_sppagebuilder/sql/updates/mysql/5.2.9.sql,5.2.9.sql,sql,database_dump,database_dump,exclude,17
administrator/components/com_sppagebuilder/sql/updates/mysql/5.3.8.sql,5.3.8.sql,sql,database_dump,database_dump,exclude,17
administrator/components/com_sppagebuilder/sql/updates/mysql/6.0.0.sql,6.0.0.sql,sql,database_dump,database_dump,exclude,1265
administrator/components/com_sppagebuilder/sql/updates/mysql/5.6.1.sql,5.6.1.sql,sql,database_dump,database_dump,exclude,17
administrator/components/com_sppagebuilder/sql/updates/mysql/5.3.3.sql,5.3.3.sql,sql,database_dump,database_dump,exclude,17
administrator/components/com_sppagebuilder/sql/updates/mysql/5.1.7.sql,5.1.7.sql,sql,database_dump,database_dump,exclude,17
administrator/components/com_sppagebuilder/sql/updates/mysql/5.1.5.sql,5.1.5.sql,sql,database_dump,database_dump,exclude,17
administrator/components/com_sppagebuilder/sql/updates/mysql/5.0.0-beta.2.sql,5.0.0-beta.2.sql,sql,database_dump,database_dump,exclude,946
administrator/components/com_sppagebuilder/sql/updates/mysql/3.7.14.sql,3.7.14.sql,sql,database_dump,database_dump,exclude,1481
administrator/components/com_sppagebuilder/sql/updates/mysql/5.7.1.sql,5.7.1.sql,sql,database_dump,database_dump,exclude,17
administrator/components/com_sppagebuilder/sql/updates/mysql/5.5.0-beta.1.sql,5.5.0-beta.1.sql,sql,database_dump,database_dump,exclude,24
administrator/components/com_sppagebuilder/sql/updates/mysql/3.8.3.sql,3.8.3.sql,sql,database_dump,database_dump,exclude,163
administrator/components/com_sppagebuilder/sql/updates/mysql/5.1.8.sql,5.1.8.sql,sql,database_dump,database_dump,exclude,17
administrator/components/com_sppagebuilder/sql/updates/mysql/5.3.7.sql,5.3.7.sql,sql,database_dump,database_dump,exclude,17
administrator/components/com_sppagebuilder/sql/updates/mysql/5.1.2.sql,5.1.2.sql,sql,database_dump,database_dump,exclude,17
administrator/components/com_sppagebuilder/sql/updates/mysql/6.1.2.sql,6.1.2.sql,sql,database_dump,database_dump,exclude,17
administrator/components/com_sppagebuilder/sql/updates/mysql/4.0.0.sql,4.0.0.sql,sql,database_dump,database_dump,exclude,796
administrator/components/com_sppagebuilder/sql/updates/mysql/3.8.6.sql,3.8.6.sql,sql,database_dump,database_dump,exclude,8
administrator/components/com_sppagebuilder/sql/updates/mysql/5.1.4.sql,5.1.4.sql,sql,database_dump,database_dump,exclude,17
administrator/components/com_sppagebuilder/sql/updates/mysql/3.8.10.sql,3.8.10.sql,sql,database_dump,database_dump,exclude,9
administrator/components/com_sppagebuilder/sql/updates/mysql/5.4.1.sql,5.4.1.sql,sql,database_dump,database_dump,exclude,17
administrator/components/com_sppagebuilder/sql/updates/mysql/3.8.7.sql,3.8.7.sql,sql,database_dump,database_dump,exclude,8
administrator/components/com_sppagebuilder/sql/updates/mysql/5.1.3.sql,5.1.3.sql,sql,database_dump,database_dump,exclude,17
administrator/components/com_sppagebuilder/sql/updates/mysql/5.0.0-rc.3.sql,5.0.0-rc.3.sql,sql,database_dump,database_dump,exclude,1806
administrator/components/com_sppagebuilder/sql/updates/mysql/4.0.6.sql,4.0.6.sql,sql,database_dump,database_dump,exclude,8
administrator/components/com_sppagebuilder/sql/updates/mysql/5.0.1.sql,5.0.1.sql,sql,database_dump,database_dump,exclude,79
administrator/components/com_sppagebuilder/sql/updates/mysql/3.8.8.sql,3.8.8.sql,sql,database_dump,database_dump,exclude,8
administrator/components/com_sppagebuilder/sql/updates/mysql/5.0.4.sql,5.0.4.sql,sql,database_dump,database_dump,exclude,17
administrator/components/com_sppagebuilder/sql/updates/mysql/4.0.1.sql,4.0.1.sql,sql,database_dump,database_dump,exclude,8
administrator/components/com_sppagebuilder/sql/updates/mysql/3.7.15.sql,3.7.15.sql,sql,database_dump,database_dump,exclude,13
administrator/components/com_sppagebuilder/sql/updates/mysql/5.2.2.sql,5.2.2.sql,sql,database_dump,database_dump,exclude,17
administrator/components/com_sppagebuilder/sql/updates/mysql/4.0.3.sql,4.0.3.sql,sql,database_dump,database_dump,exclude,8
administrator/components/com_sppagebuilder/sql/updates/mysql/5.0.7.sql,5.0.7.sql,sql,database_dump,database_dump,exclude,17
administrator/components/com_sppagebuilder/sql/updates/mysql/5.0.9.sql,5.0.9.sql,sql,database_dump,database_dump,exclude,17
administrator/components/com_sppagebuilder/sql/updates/mysql/4.0.4.sql,4.0.4.sql,sql,database_dump,database_dump,exclude,8
administrator/components/com_sppagebuilder/sql/updates/mysql/5.5.3.sql,5.5.3.sql,sql,database_dump,database_dump,exclude,17
administrator/components/com_sppagebuilder/sql/updates/mysql/5.0.0-beta.3.sql,5.0.0-beta.3.sql,sql,database_dump,database_dump,exclude,127
administrator/components/com_sppagebuilder/sql/updates/mysql/5.4.2.sql,5.4.2.sql,sql,database_dump,database_dump,exclude,17
administrator/components/com_sppagebuilder/sql/updates/mysql/6.1.1.sql,6.1.1.sql,sql,database_dump,database_dump,exclude,17
administrator/components/com_sppagebuilder/sql/updates/mysql/5.2.7.sql,5.2.7.sql,sql,database_dump,database_dump,exclude,17
administrator/components/com_sppagebuilder/sql/updates/mysql/5.1.6.sql,5.1.6.sql,sql,database_dump,database_dump,exclude,17
administrator/components/com_sppagebuilder/sql/updates/mysql/3.8.0.sql,3.8.0.sql,sql,database_dump,database_dump,exclude,12
administrator/components/com_sppagebuilder/sql/updates/mysql/6.2.2.sql,6.2.2.sql,sql,database_dump,database_dump,exclude,17
administrator/components/com_sppagebuilder/sql/updates/mysql/5.5.0.sql,5.5.0.sql,sql,database_dump,database_dump,exclude,3737
administrator/components/com_sppagebuilder/sql/updates/mysql/5.7.2.sql,5.7.2.sql,sql,database_dump,database_dump,exclude,17
administrator/components/com_sppagebuilder/sql/updates/mysql/2.4.7-2017-05-31.sql,2.4.7-2017-05-31.sql,sql,database_dump,database_dump,exclude,404
administrator/components/com_sppagebuilder/sql/updates/mysql/5.5.4.sql,5.5.4.sql,sql,database_dump,database_dump,exclude,17
administrator/components/com_sppagebuilder/sql/updates/mysql/4.0.10.sql,4.0.10.sql,sql,database_dump,database_dump,exclude,9
administrator/components/com_sppagebuilder/sql/updates/mysql/4.0.8.sql,4.0.8.sql,sql,database_dump,database_dump,exclude,8
administrator/components/com_sppagebuilder/sql/updates/mysql/1.0.8-2016-01-20.sql,1.0.8-2016-01-20.sql,sql,database_dump,database_dump,exclude,111
administrator/components/com_sppagebuilder/sql/updates/mysql/4.0.5.sql,4.0.5.sql,sql,database_dump,database_dump,exclude,8
administrator/components/com_sppagebuilder/sql/updates/mysql/5.4.5.sql,5.4.5.sql,sql,database_dump,database_dump,exclude,17
administrator/components/com_sppagebuilder/sql/updates/mysql/3.7.13.sql,3.7.13.sql,sql,database_dump,database_dump,exclude,9
administrator/components/com_sppagebuilder/sql/updates/mysql/3.8.2.sql,3.8.2.sql,sql,database_dump,database_dump,exclude,12
administrator/components/com_sppagebuilder/sql/updates/mysql/5.5.7.sql,5.5.7.sql,sql,database_dump,database_dump,exclude,17
administrator/components/com_sppagebuilder/sql/updates/mysql/5.3.6.sql,5.3.6.sql,sql,database_dump,database_dump,exclude,17
administrator/components/com_sppagebuilder/sql/updates/mysql/6.1.0.sql,6.1.0.sql,sql,database_dump,database_dump,exclude,155
administrator/components/com_sppagebuilder/sql/updates/mysql/5.0.6.sql,5.0.6.sql,sql,database_dump,database_dump,exclude,17
administrator/components/com_sppagebuilder/sql/updates/mysql/2.4.8-2017-06-22.sql,2.4.8-2017-06-22.sql,sql,database_dump,database_dump,exclude,75
administrator/components/com_sppagebuilder/sql/updates/mysql/5.3.4.sql,5.3.4.sql,sql,database_dump,database_dump,exclude,17
administrator/components/com_sppagebuilder/sql/updates/mysql/5.4.0.sql,5.4.0.sql,sql,database_dump,database_dump,exclude,17
administrator/components/com_sppagebuilder/sql/updates/mysql/5.2.5.sql,5.2.5.sql,sql,database_dump,database_dump,exclude,17
administrator/components/com_sppagebuilder/sql/updates/mysql/3.0-2017-11-13.sql,3.0-2017-11-13.sql,sql,database_dump,database_dump,exclude,333
administrator/components/com_sppagebuilder/sql/updates/mysql/5.2.8.sql,5.2.8.sql,sql,database_dump,database_dump,exclude,17
administrator/components/com_sppagebuilder/sql/updates/mysql/3.7.1-2020-02-20.sql,3.7.1-2020-02-20.sql,sql,database_dump,database_dump,exclude,140
administrator/components/com_sppagebuilder/sql/updates/mysql/6.2.1.sql,6.2.1.sql,sql,database_dump,database_dump,exclude,17
administrator/components/com_sppagebuilder/sql/updates/mysql/5.1.0.sql,5.1.0.sql,sql,database_dump,database_dump,exclude,477
administrator/components/com_sppagebuilder/sql/updates/mysql/5.0.0-rc.2.sql,5.0.0-rc.2.sql,sql,database_dump,database_dump,exclude,89
administrator/components/com_sppagebuilder/sql/updates/mysql/5.2.6.sql,5.2.6.sql,sql,database_dump,database_dump,exclude,17
administrator/components/com_sppagebuilder/sql/updates/mysql/5.0.10.sql,5.0.10.sql,sql,database_dump,database_dump,exclude,18
administrator/components/com_sppagebuilder/sql/updates/mysql/4.0.11.sql,4.0.11.sql,sql,database_dump,database_dump,exclude,9
administrator/components/com_sppagebuilder/sql/updates/mysql/3.6.2-2019-08-20.sql,3.6.2-2019-08-20.sql,sql,database_dump,database_dump,exclude,167
administrator/components/com_sppagebuilder/sql/updates/mysql/5.6.0.sql,5.6.0.sql,sql,database_dump,database_dump,exclude,17
administrator/components/com_sppagebuilder/sql/updates/mysql/1.0.7-2015-10-12.sql,1.0.7-2015-10-12.sql,sql,database_dump,database_dump,exclude,824
administrator/components/com_sppagebuilder/sql/updates/mysql/4.0.9.sql,4.0.9.sql,sql,database_dump,database_dump,exclude,8
administrator/components/com_sppagebuilder/sql/updates/mysql/3.7.16.sql,3.7.16.sql,sql,database_dump,database_dump,exclude,13
administrator/components/com_sppagebuilder/sql/updates/mysql/5.0.2.sql,5.0.2.sql,sql,database_dump,database_dump,exclude,154
administrator/components/com_sppagebuilder/sql/updates/mysql/6.3.0.sql,6.3.0.sql,sql,database_dump,database_dump,exclude,101
administrator/components/com_sppagebuilder/sql/updates/mysql/6.2.3.sql,6.2.3.sql,sql,database_dump,database_dump,exclude,17
administrator/components/com_sppagebuilder/sql/updates/mysql/5.3.5.sql,5.3.5.sql,sql,database_dump,database_dump,exclude,17
administrator/components/com_sppagebuilder/sql/updates/mysql/3.7.10.sql,3.7.10.sql,sql,database_dump,database_dump,exclude,10
administrator/components/com_sppagebuilder/sql/updates/mysql/5.1.9.sql,5.1.9.sql,sql,database_dump,database_dump,exclude,17
administrator/components/com_sppagebuilder/sql/updates/mysql/5.0.3.sql,5.0.3.sql,sql,database_dump,database_dump,exclude,8
administrator/components/com_sppagebuilder/sql/updates/mysql/5.5.6.sql,5.5.6.sql,sql,database_dump,database_dump,exclude,17
administrator/components/com_sppagebuilder/sql/updates/postgresql/2.0-2016-11-04.sql,2.0-2016-11-04.sql,sql,database_dump,database_dump,exclude,1477
administrator/components/com_sppagebuilder/sql/updates/postgresql/3.1-2018-01-01.sql,3.1-2018-01-01.sql,sql,database_dump,database_dump,exclude,314
administrator/components/com_sppagebuilder/sql/updates/postgresql/2.4.7-2017-05-31.sql,2.4.7-2017-05-31.sql,sql,database_dump,database_dump,exclude,395
administrator/components/com_sppagebuilder/sql/updates/postgresql/1.0.8-2016-01-20.sql,1.0.8-2016-01-20.sql,sql,database_dump,database_dump,exclude,80
administrator/components/com_sppagebuilder/sql/updates/postgresql/2.4.8-2017-06-22.sql,2.4.8-2017-06-22.sql,sql,database_dump,database_dump,exclude,86
administrator/components/com_sppagebuilder/sql/updates/postgresql/3.0-2017-11-13.sql,3.0-2017-11-13.sql,sql,database_dump,database_dump,exclude,338
administrator/components/com_sppagebuilder/sql/updates/postgresql/1.0.7-2015-10-12.sql,1.0.7-2015-10-12.sql,sql,database_dump,database_dump,exclude,911
administrator/components/com_spsimpleportfolio/sql/install/mysql/install.sql,install.sql,sql,database_dump,database_dump,exclude,1103
administrator/components/com_spsimpleportfolio/sql/install/postgresql/install.sql,install.sql,sql,database_dump,database_dump,exclude,935
administrator/components/com_spsimpleportfolio/sql/updates/mysql/2.0.6.sql,2.0.6.sql,sql,database_dump,database_dump,exclude,0
administrator/components/com_spsimpleportfolio/sql/updates/mysql/2.2.0.sql,2.2.0.sql,sql,database_dump,database_dump,exclude,8
administrator/components/com_spsimpleportfolio/sql/updates/mysql/2.0.7.sql,2.0.7.sql,sql,database_dump,database_dump,exclude,0
administrator/components/com_spsimpleportfolio/sql/updates/mysql/2.0.4.sql,2.0.4.sql,sql,database_dump,database_dump,exclude,0
administrator/components/com_spsimpleportfolio/sql/updates/mysql/2.0.8.sql,2.0.8.sql,sql,database_dump,database_dump,exclude,167
administrator/components/com_spsimpleportfolio/sql/updates/mysql/1.2-2015-02-10.sql,1.2-2015-02-10.sql,sql,database_dump,database_dump,exclude,86
administrator/components/com_spsimpleportfolio/sql/updates/mysql/1.5-2017-14-09.sql,1.5-2017-14-09.sql,sql,database_dump,database_dump,exclude,96
administrator/components/com_spsimpleportfolio/sql/updates/mysql/2.1.0.sql,2.1.0.sql,sql,database_dump,database_dump,exclude,9
administrator/components/com_spsimpleportfolio/sql/updates/mysql/2.0.5.sql,2.0.5.sql,sql,database_dump,database_dump,exclude,0
administrator/components/com_spsimpleportfolio/sql/updates/mysql/1.8-2020-21-01.sql,1.8-2020-21-01.sql,sql,database_dump,database_dump,exclude,176
administrator/components/com_spsimpleportfolio/sql/updates/mysql/1.4-2017-05-03.sql,1.4-2017-05-03.sql,sql,database_dump,database_dump,exclude,946
administrator/components/com_spsimpleportfolio/sql/updates/mysql/1.1-2015-23-04.sql,1.1-2015-23-04.sql,sql,database_dump,database_dump,exclude,211
administrator/components/com_spsimpleportfolio/sql/updates/postgresql/2.0.6.sql,2.0.6.sql,sql,database_dump,database_dump,exclude,0
administrator/components/com_spsimpleportfolio/sql/updates/postgresql/2.2.0.sql,2.2.0.sql,sql,database_dump,database_dump,exclude,8
administrator/components/com_spsimpleportfolio/sql/updates/postgresql/2.0.7.sql,2.0.7.sql,sql,database_dump,database_dump,exclude,0
administrator/components/com_spsimpleportfolio/sql/updates/postgresql/2.0.4.sql,2.0.4.sql,sql,database_dump,database_dump,exclude,0
administrator/components/com_spsimpleportfolio/sql/updates/postgresql/2.0.8.sql,2.0.8.sql,sql,database_dump,database_dump,exclude,198
administrator/components/com_spsimpleportfolio/sql/updates/postgresql/2.0.5.sql,2.0.5.sql,sql,database_dump,database_dump,exclude,0
administrator/components/com_speasyimagegallery/sql/uninstall.mysql.utf8.sql,uninstall.mysql.utf8.sql,sql,database_dump,database_dump,exclude,0
administrator/components/com_speasyimagegallery/sql/install.mysql.utf8.sql,install.mysql.utf8.sql,sql,database_dump,database_dump,exclude,2597
administrator/components/com_speasyimagegallery/sql/updates/2.0.1.sql,2.0.1.sql,sql,database_dump,database_dump,exclude,1271
administrator/components/com_speasyimagegallery/sql/updates/2.0.4.sql,2.0.4.sql,sql,database_dump,database_dump,exclude,9
administrator/components/com_speasyimagegallery/sql/updates/2.0.2.sql,2.0.2.sql,sql,database_dump,database_dump,exclude,9
administrator/components/com_speasyimagegallery/sql/updates/2.0.0.sql,2.0.0.sql,sql,database_dump,database_dump,exclude,1572
administrator/components/com_speasyimagegallery/sql/updates/2.0.3.sql,2.0.3.sql,sql,database_dump,database_dump,exclude,2298
administrator/components/com_speasyimagegallery/sql/updates/2.1.0.sql,2.1.0.sql,sql,database_dump,database_dump,exclude,9
administrator/components/com_akeebabackup/sql/uninstall.mysql.utf8.sql,uninstall.mysql.utf8.sql,sql,database_dump,database_dump,exclude,314
administrator/components/com_akeebabackup/sql/install.mysql.utf8.sql,install.mysql.utf8.sql,sql,database_dump,database_dump,exclude,3004
administrator/components/com_akeebabackup/sql/updates/mysql/9.0.0-20210321-1958.sql,9.0.0-20210321-1958.sql,sql,database_dump,database_dump,exclude,185
administrator/components/com_akeebabackup/sql/updates/mysql/9.4.0-20221011.sql,9.4.0-20221011.sql,sql,database_dump,database_dump,exclude,250
administrator/components/com_akeebabackup/sql/updates/mysql/9.0.10-20211130.sql,9.0.10-20211130.sql,sql,database_dump,database_dump,exclude,560
administrator/components/com_akeebabackup/sql/updates/mysql/9.0.9-20211117-2054.sql,9.0.9-20211117-2054.sql,sql,database_dump,database_dump,exclude,394
administrator/components/com_akeebabackup/src/Helper/SecretWord.php,SecretWord.php,php,secret_pattern,secret_pattern,exclude,3490
administrator/components/com_akeebabackup/vendor/greenlion/php-sql-parser/tests/expected/creator/issue66.sql,issue66.sql,sql,database_dump,database_dump,exclude,44
administrator/components/com_akeebabackup/vendor/greenlion/php-sql-parser/tests/expected/creator/issue86.sql,issue86.sql,sql,database_dump,database_dump,exclude,34
administrator/components/com_akeebabackup/vendor/greenlion/php-sql-parser/tests/expected/creator/issue_git10.sql,issue_git10.sql,sql,database_dump,database_dump,exclude,110
administrator/components/com_akeebabackup/vendor/greenlion/php-sql-parser/tests/expected/creator/function.sql,function.sql,sql,database_dump,database_dump,exclude,35
administrator/components/com_akeebabackup/vendor/greenlion/php-sql-parser/tests/expected/creator/issue33c.sql,issue33c.sql,sql,database_dump,database_dump,exclude,100
administrator/components/com_akeebabackup/vendor/greenlion/php-sql-parser/tests/expected/creator/asc.sql,asc.sql,sql,database_dump,database_dump,exclude,109
administrator/components/com_akeebabackup/vendor/greenlion/php-sql-parser/tests/expected/creator/issue_git185.sql,issue_git185.sql,sql,database_dump,database_dump,exclude,125
administrator/components/com_akeebabackup/vendor/greenlion/php-sql-parser/tests/expected/creator/issue62i.sql,issue62i.sql,sql,database_dump,database_dump,exclude,49
administrator/components/com_akeebabackup/vendor/greenlion/php-sql-parser/tests/expected/creator/issue78a.sql,issue78a.sql,sql,database_dump,database_dump,exclude,27
administrator/components/com_akeebabackup/vendor/greenlion/php-sql-parser/tests/expected/creator/issue63c.sql,issue63c.sql,sql,database_dump,database_dump,exclude,27
administrator/components/com_akeebabackup/vendor/greenlion/php-sql-parser/tests/expected/creator/issue121.sql,issue121.sql,sql,database_dump,database_dump,exclude,42
administrator/components/com_akeebabackup/vendor/greenlion/php-sql-parser/tests/expected/creator/issue62e.sql,issue62e.sql,sql,database_dump,database_dump,exclude,40
administrator/components/com_akeebabackup/vendor/greenlion/php-sql-parser/tests/expected/creator/issue33a.sql,issue33a.sql,sql,database_dump,database_dump,exclude,30
administrator/components/com_akeebabackup/vendor/greenlion/php-sql-parser/tests/expected/creator/issue130.sql,issue130.sql,sql,database_dump,database_dump,exclude,37
administrator/components/com_akeebabackup/vendor/greenlion/php-sql-parser/tests/expected/creator/union2.sql,union2.sql,sql,database_dump,database_dump,exclude,57
administrator/components/com_akeebabackup/vendor/greenlion/php-sql-parser/tests/expected/creator/join.sql,join.sql,sql,database_dump,database_dump,exclude,246
administrator/components/com_akeebabackup/vendor/greenlion/php-sql-parser/tests/expected/creator/issue104.sql,issue104.sql,sql,database_dump,database_dump,exclude,212
administrator/components/com_akeebabackup/vendor/greenlion/php-sql-parser/tests/expected/creator/issue33e.sql,issue33e.sql,sql,database_dump,database_dump,exclude,82
administrator/components/com_akeebabackup/vendor/greenlion/php-sql-parser/tests/expected/creator/issue78b.sql,issue78b.sql,sql,database_dump,database_dump,exclude,26
administrator/components/com_akeebabackup/vendor/greenlion/php-sql-parser/tests/expected/creator/issue33f.sql,issue33f.sql,sql,database_dump,database_dump,exclude,232
administrator/components/com_akeebabackup/vendor/greenlion/php-sql-parser/tests/expected/creator/orderbyposition.sql,orderbyposition.sql,sql,database_dump,database_dump,exclude,35
administrator/components/com_akeebabackup/vendor/greenlion/php-sql-parser/tests/expected/creator/issue89.sql,issue89.sql,sql,database_dump,database_dump,exclude,477
administrator/components/com_akeebabackup/vendor/greenlion/php-sql-parser/tests/expected/creator/issue124.sql,issue124.sql,sql,database_dump,database_dump,exclude,67
administrator/components/com_akeebabackup/vendor/greenlion/php-sql-parser/tests/expected/creator/inlist.sql,inlist.sql,sql,database_dump,database_dump,exclude,329
administrator/components/com_akeebabackup/vendor/greenlion/php-sql-parser/tests/expected/creator/alter.sql,alter.sql,sql,database_dump,database_dump,exclude,66
administrator/components/com_akeebabackup/vendor/greenlion/php-sql-parser/tests/expected/creator/insubtree.sql,insubtree.sql,sql,database_dump,database_dump,exclude,53
administrator/components/com_akeebabackup/vendor/greenlion/php-sql-parser/tests/expected/creator/issue57.sql,issue57.sql,sql,database_dump,database_dump,exclude,381
administrator/components/com_akeebabackup/vendor/greenlion/php-sql-parser/tests/expected/creator/issue63a.sql,issue63a.sql,sql,database_dump,database_dump,exclude,35
administrator/components/com_akeebabackup/vendor/greenlion/php-sql-parser/tests/expected/creator/issue131.sql,issue131.sql,sql,database_dump,database_dump,exclude,114
administrator/components/com_akeebabackup/vendor/greenlion/php-sql-parser/tests/expected/creator/union1.sql,union1.sql,sql,database_dump,database_dump,exclude,56
administrator/components/com_akeebabackup/vendor/greenlion/php-sql-parser/tests/expected/creator/issue92.sql,issue92.sql,sql,database_dump,database_dump,exclude,47
administrator/components/com_akeebabackup/vendor/greenlion/php-sql-parser/tests/expected/creator/issue76a.sql,issue76a.sql,sql,database_dump,database_dump,exclude,30
administrator/components/com_akeebabackup/vendor/greenlion/php-sql-parser/tests/expected/creator/left.sql,left.sql,sql,database_dump,database_dump,exclude,90
administrator/components/com_akeebabackup/vendor/greenlion/php-sql-parser/tests/expected/creator/issue33l.sql,issue33l.sql,sql,database_dump,database_dump,exclude,91
administrator/components/com_akeebabackup/vendor/greenlion/php-sql-parser/tests/expected/creator/issue79a.sql,issue79a.sql,sql,database_dump,database_dump,exclude,46
administrator/components/com_akeebabackup/vendor/greenlion/php-sql-parser/tests/expected/creator/issue33k.sql,issue33k.sql,sql,database_dump,database_dump,exclude,123
administrator/components/com_akeebabackup/vendor/greenlion/php-sql-parser/tests/expected/creator/issue102.sql,issue102.sql,sql,database_dump,database_dump,exclude,38
administrator/components/com_akeebabackup/vendor/greenlion/php-sql-parser/tests/expected/creator/issue110.sql,issue110.sql,sql,database_dump,database_dump,exclude,24
administrator/components/com_akeebabackup/vendor/greenlion/php-sql-parser/tests/expected/creator/issue101.sql,issue101.sql,sql,database_dump,database_dump,exclude,66
administrator/components/com_akeebabackup/vendor/greenlion/php-sql-parser/tests/expected/creator/issue83.sql,issue83.sql,sql,database_dump,database_dump,exclude,0
administrator/components/com_akeebabackup/vendor/greenlion/php-sql-parser/tests/expected/creator/distinct.sql,distinct.sql,sql,database_dump,database_dump,exclude,35
administrator/components/com_akeebabackup/vendor/greenlion/php-sql-parser/tests/expected/creator/issue33j.sql,issue33j.sql,sql,database_dump,database_dump,exclude,121
administrator/components/com_akeebabackup/vendor/greenlion/php-sql-parser/tests/expected/creator/tableexpr.sql,tableexpr.sql,sql,database_dump,database_dump,exclude,88
administrator/components/com_akeebabackup/vendor/greenlion/php-sql-parser/tests/expected/creator/issue100.sql,issue100.sql,sql,database_dump,database_dump,exclude,27
administrator/components/com_akeebabackup/vendor/greenlion/php-sql-parser/tests/expected/creator/issue62a.sql,issue62a.sql,sql,database_dump,database_dump,exclude,35
administrator/components/com_akeebabackup/vendor/greenlion/php-sql-parser/tests/expected/creator/issue33g.sql,issue33g.sql,sql,database_dump,database_dump,exclude,123
administrator/components/com_akeebabackup/vendor/greenlion/php-sql-parser/tests/expected/creator/issue62q.sql,issue62q.sql,sql,database_dump,database_dump,exclude,32
administrator/components/com_akeebabackup/vendor/greenlion/php-sql-parser/tests/expected/creator/issue62p.sql,issue62p.sql,sql,database_dump,database_dump,exclude,20
administrator/components/com_akeebabackup/vendor/greenlion/php-sql-parser/tests/expected/creator/issue78c.sql,issue78c.sql,sql,database_dump,database_dump,exclude,27
administrator/components/com_akeebabackup/vendor/greenlion/php-sql-parser/tests/expected/creator/issue81.sql,issue81.sql,sql,database_dump,database_dump,exclude,12
administrator/components/com_akeebabackup/vendor/greenlion/php-sql-parser/tests/expected/creator/issue62k.sql,issue62k.sql,sql,database_dump,database_dump,exclude,75
administrator/components/com_akeebabackup/vendor/greenlion/php-sql-parser/tests/expected/creator/issue62c.sql,issue62c.sql,sql,database_dump,database_dump,exclude,27
administrator/components/com_akeebabackup/vendor/greenlion/php-sql-parser/tests/expected/creator/issue123.sql,issue123.sql,sql,database_dump,database_dump,exclude,52
administrator/components/com_akeebabackup/vendor/greenlion/php-sql-parser/tests/expected/creator/issue87.sql,issue87.sql,sql,database_dump,database_dump,exclude,55
administrator/components/com_akeebabackup/vendor/greenlion/php-sql-parser/tests/expected/creator/issue83c.sql,issue83c.sql,sql,database_dump,database_dump,exclude,66
administrator/components/com_akeebabackup/vendor/greenlion/php-sql-parser/tests/expected/creator/issue62m.sql,issue62m.sql,sql,database_dump,database_dump,exclude,43
administrator/components/com_akeebabackup/vendor/greenlion/php-sql-parser/tests/expected/creator/issue144.sql,issue144.sql,sql,database_dump,database_dump,exclude,57
administrator/components/com_akeebabackup/vendor/greenlion/php-sql-parser/tests/expected/creator/issue141.sql,issue141.sql,sql,database_dump,database_dump,exclude,38
administrator/components/com_akeebabackup/vendor/greenlion/php-sql-parser/tests/expected/creator/issue106.sql,issue106.sql,sql,database_dump,database_dump,exclude,707
administrator/components/com_akeebabackup/vendor/greenlion/php-sql-parser/tests/expected/creator/issue62h.sql,issue62h.sql,sql,database_dump,database_dump,exclude,99
administrator/components/com_akeebabackup/vendor/greenlion/php-sql-parser/tests/expected/creator/issue33i.sql,issue33i.sql,sql,database_dump,database_dump,exclude,120
administrator/components/com_akeebabackup/vendor/greenlion/php-sql-parser/tests/expected/creator/issue62j.sql,issue62j.sql,sql,database_dump,database_dump,exclude,73
administrator/components/com_akeebabackup/vendor/greenlion/php-sql-parser/tests/expected/creator/issue62o.sql,issue62o.sql,sql,database_dump,database_dump,exclude,84
administrator/components/com_akeebabackup/vendor/greenlion/php-sql-parser/tests/expected/creator/issue62b.sql,issue62b.sql,sql,database_dump,database_dump,exclude,65
administrator/components/com_akeebabackup/vendor/greenlion/php-sql-parser/tests/expected/creator/issue62l.sql,issue62l.sql,sql,database_dump,database_dump,exclude,83
administrator/components/com_akeebabackup/vendor/greenlion/php-sql-parser/tests/expected/creator/issue33h.sql,issue33h.sql,sql,database_dump,database_dump,exclude,105
administrator/components/com_akeebabackup/vendor/greenlion/php-sql-parser/tests/expected/creator/issue147.sql,issue147.sql,sql,database_dump,database_dump,exclude,44
administrator/components/com_akeebabackup/vendor/greenlion/php-sql-parser/tests/expected/creator/issue33m.sql,issue33m.sql,sql,database_dump,database_dump,exclude,53
administrator/components/com_akeebabackup/vendor/greenlion/php-sql-parser/tests/expected/creator/issue132.sql,issue132.sql,sql,database_dump,database_dump,exclude,30
administrator/components/com_akeebabackup/vendor/greenlion/php-sql-parser/tests/expected/creator/issue78d.sql,issue78d.sql,sql,database_dump,database_dump,exclude,22
administrator/components/com_akeebabackup/vendor/greenlion/php-sql-parser/tests/expected/creator/unaryminus.sql,unaryminus.sql,sql,database_dump,database_dump,exclude,11
administrator/components/com_akeebabackup/vendor/greenlion/php-sql-parser/tests/expected/creator/issue105.sql,issue105.sql,sql,database_dump,database_dump,exclude,667
administrator/components/com_akeebabackup/vendor/greenlion/php-sql-parser/tests/expected/creator/issue94.sql,issue94.sql,sql,database_dump,database_dump,exclude,53
administrator/components/com_akeebabackup/vendor/greenlion/php-sql-parser/tests/expected/creator/issue63b.sql,issue63b.sql,sql,database_dump,database_dump,exclude,65
administrator/components/com_akeebabackup/vendor/greenlion/php-sql-parser/tests/expected/creator/issue117.sql,issue117.sql,sql,database_dump,database_dump,exclude,36
administrator/components/com_akeebabackup/vendor/greenlion/php-sql-parser/tests/expected/creator/issue62f.sql,issue62f.sql,sql,database_dump,database_dump,exclude,43
administrator/components/com_akeebabackup/vendor/greenlion/php-sql-parser/tests/expected/creator/alter2.sql,alter2.sql,sql,database_dump,database_dump,exclude,86
administrator/components/com_akeebabackup/vendor/greenlion/php-sql-parser/tests/expected/creator/insert3.sql,insert3.sql,sql,database_dump,database_dump,exclude,80
administrator/components/com_akeebabackup/vendor/greenlion/php-sql-parser/tests/expected/creator/issue127.sql,issue127.sql,sql,database_dump,database_dump,exclude,22
administrator/components/com_akeebabackup/vendor/greenlion/php-sql-parser/tests/expected/creator/issue85.sql,issue85.sql,sql,database_dump,database_dump,exclude,20
administrator/components/com_akeebabackup/vendor/greenlion/php-sql-parser/tests/expected/creator/issue33b.sql,issue33b.sql,sql,database_dump,database_dump,exclude,28
administrator/components/com_akeebabackup/vendor/greenlion/php-sql-parser/tests/expected/creator/issue78e.sql,issue78e.sql,sql,database_dump,database_dump,exclude,58
administrator/components/com_akeebabackup/vendor/greenlion/php-sql-parser/tests/expected/creator/issue62g.sql,issue62g.sql,sql,database_dump,database_dump,exclude,31
administrator/components/com_akeebabackup/vendor/greenlion/php-sql-parser/tests/expected/creator/issue62d.sql,issue62d.sql,sql,database_dump,database_dump,exclude,61
administrator/components/com_akeebabackup/vendor/greenlion/php-sql-parser/tests/expected/creator/issue62n.sql,issue62n.sql,sql,database_dump,database_dump,exclude,38
administrator/components/com_akeebabackup/vendor/greenlion/php-sql-parser/tests/expected/creator/issue_git181.sql,issue_git181.sql,sql,database_dump,database_dump,exclude,21
administrator/components/com_akeebabackup/vendor/greenlion/php-sql-parser/tests/expected/creator/delete.sql,delete.sql,sql,database_dump,database_dump,exclude,93
administrator/components/com_akeebabackup/vendor/greenlion/php-sql-parser/tests/expected/creator/issue98.sql,issue98.sql,sql,database_dump,database_dump,exclude,47
administrator/components/com_akeebabackup/vendor/greenlion/php-sql-parser/tests/expected/creator/update.sql,update.sql,sql,database_dump,database_dump,exclude,52
administrator/components/com_akeebabackup/vendor/greenlion/php-sql-parser/tests/expected/creator/union3.sql,union3.sql,sql,database_dump,database_dump,exclude,90
administrator/components/com_akeebabackup/vendor/greenlion/php-sql-parser/tests/expected/creator/issue126.sql,issue126.sql,sql,database_dump,database_dump,exclude,14
administrator/components/com_akeebabackup/vendor/greenlion/php-sql-parser/tests/expected/creator/issue129.sql,issue129.sql,sql,database_dump,database_dump,exclude,45
administrator/components/com_akeebabackup/vendor/greenlion/php-sql-parser/tests/expected/creator/issue118.sql,issue118.sql,sql,database_dump,database_dump,exclude,67
administrator/components/com_akeebabackup/vendor/greenlion/php-sql-parser/tests/expected/creator/issue112.sql,issue112.sql,sql,database_dump,database_dump,exclude,73
administrator/components/com_akeebabackup/vendor/greenlion/php-sql-parser/tests/expected/creator/issue88.sql,issue88.sql,sql,database_dump,database_dump,exclude,41
administrator/components/com_akeebabackup/vendor/greenlion/php-sql-parser/tests/expected/creator/insert2.sql,insert2.sql,sql,database_dump,database_dump,exclude,61
administrator/components/com_akeebabackup/vendor/greenlion/php-sql-parser/tests/expected/creator/insert1.sql,insert1.sql,sql,database_dump,database_dump,exclude,83
administrator/components/com_akeebabackup/vendor/greenlion/php-sql-parser/tests/expected/creator/issue83b.sql,issue83b.sql,sql,database_dump,database_dump,exclude,93
administrator/components/com_akeebabackup/vendor/greenlion/php-sql-parser/tests/expected/creator/issue58.sql,issue58.sql,sql,database_dump,database_dump,exclude,58
administrator/components/com_akeebabackup/vendor/greenlion/php-sql-parser/tests/expected/creator/where.sql,where.sql,sql,database_dump,database_dump,exclude,75
administrator/components/com_akeebabackup/vendor/greenlion/php-sql-parser/tests/expected/creator/issue62r.sql,issue62r.sql,sql,database_dump,database_dump,exclude,32
administrator/components/com_akeebabackup/vendor/greenlion/php-sql-parser/tests/expected/creator/issue76b.sql,issue76b.sql,sql,database_dump,database_dump,exclude,32
administrator/components/com_akeebabackup/vendor/greenlion/php-sql-parser/tests/expected/creator/issue83a.sql,issue83a.sql,sql,database_dump,database_dump,exclude,91
administrator/components/com_akeebabackup/vendor/greenlion/php-sql-parser/tests/expected/creator/issue134.sql,issue134.sql,sql,database_dump,database_dump,exclude,101
administrator/components/com_akeebabackup/vendor/greenlion/php-sql-parser/tests/expected/creator/magnus.sql,magnus.sql,sql,database_dump,database_dump,exclude,156
administrator/components/com_akeebabackup/vendor/greenlion/php-sql-parser/tests/expected/creator/issue33d.sql,issue33d.sql,sql,database_dump,database_dump,exclude,81
administrator/components/com_akeebabackup/vendor/akeeba/phpfinder/src/Configuration.php,Configuration.php,php,joomla_config,joomla_config,exclude,6861
administrator/components/com_akeebabackup/vendor/akeeba/engine/engine/Configuration.php,Configuration.php,php,joomla_config,joomla_config,exclude,14583
administrator/components/com_akeebabackup/vendor/akeeba/s3/src/Configuration.php,Configuration.php,php,joomla_config,joomla_config,exclude,10406
administrator/components/com_akeebabackup/vendor/akeeba/s3/src/Exception/InvalidSecretKey.php,InvalidSecretKey.php,php,secret_pattern,secret_pattern,exclude,659
administrator/components/com_akeebabackup/vendor/composer/ca-bundle/res/cacert.pem,cacert.pem,pem,crypto_key,crypto_key,exclude,225076
administrator/components/com_finder/sql/install.postgresql.sql,install.postgresql.sql,sql,database_dump,database_dump,exclude,13230
administrator/components/com_finder/sql/install.mysql.sql,install.mysql.sql,sql,database_dump,database_dump,exclude,11247
administrator/components/com_finder/sql/uninstall.mysql.sql,uninstall.mysql.sql,sql,database_dump,database_dump,exclude,479
administrator/components/com_finder/sql/uninstall.postgresql.sql,uninstall.postgresql.sql,sql,database_dump,database_dump,exclude,479
layouts/joomla/form/field/password.php,password.php,php,secret_pattern,secret_pattern,exclude,6199
images/data/awareness/awareness_raw_AW-20260303-RAE-Session1.csv,awareness_raw_AW-20260303-RAE-Session1.csv,csv,session,session,exclude,500
images/data/awareness/awareness_sessions.json,awareness_sessions.json,json,session,session,exclude,95
images/data/awareness/awareness_open_themes_AW-20260303-RAE-Session1.json,awareness_open_themes_AW-20260303-RAE-Session1.json,json,session,session,exclude,62
images/data/awareness/session_questions_AW-20260301-RAE-FirstAct1.json,session_questions_AW-20260301-RAE-FirstAct1.json,json,session,session,exclude,366
images/data/awareness/session_questions_AW-20250304-RAE-DEMO.json,session_questions_AW-20250304-RAE-DEMO.json,json,session,session,exclude,361
templates/shaper_helixultimate/html/layouts/joomla/form/field/password.php,password.php,php,secret_pattern,secret_pattern,exclude,327
media/system/js/fields/passwordstrength.min.js.gz,passwordstrength.min.js.gz,gz,secret_pattern,secret_pattern,exclude,1152
media/system/js/fields/passwordview.js,passwordview.js,js,secret_pattern,secret_pattern,exclude,2824
media/system/js/fields/passwordstrength.js,passwordstrength.js,js,secret_pattern,secret_pattern,exclude,6541
media/system/js/fields/passwordview.min.js,passwordview.min.js,js,secret_pattern,secret_pattern,exclude,1237
media/system/js/fields/passwordview.min.js.gz,passwordview.min.js.gz,gz,secret_pattern,secret_pattern,exclude,600
media/system/js/fields/passwordstrength.min.js,passwordstrength.min.js,js,secret_pattern,secret_pattern,exclude,2795
libraries/phpass/PasswordHash.php,PasswordHash.php,php,secret_pattern,secret_pattern,exclude,6037
libraries/src/Form/Rule/PasswordRule.php,PasswordRule.php,php,secret_pattern,secret_pattern,exclude,7777
libraries/src/Form/Field/PasswordField.php,PasswordField.php,php,secret_pattern,secret_pattern,exclude,8141
libraries/src/Authentication/Password/ChainedHandler.php,ChainedHandler.php,php,secret_pattern,secret_pattern,exclude,2835
libraries/src/Authentication/Password/BCryptHandler.php,BCryptHandler.php,php,secret_pattern,secret_pattern,exclude,931
libraries/src/Authentication/Password/Argon2idHandler.php,Argon2idHandler.php,php,secret_pattern,secret_pattern,exclude,943
libraries/src/Authentication/Password/CheckIfRehashNeededHandlerInterface.php,CheckIfRehashNeededHandlerInterface.php,php,secret_pattern,secret_pattern,exclude,786
libraries/src/Authentication/Password/MD5Handler.php,MD5Handler.php,php,secret_pattern,secret_pattern,exclude,2509
libraries/src/Authentication/Password/Argon2iHandler.php,Argon2iHandler.php,php,secret_pattern,secret_pattern,exclude,937
libraries/src/Authentication/Password/PHPassHandler.php,PHPassHandler.php,php,secret_pattern,secret_pattern,exclude,2319
libraries/src/Console/ChangeUserPasswordCommand.php,ChangeUserPasswordCommand.php,php,secret_pattern,secret_pattern,exclude,4421
libraries/vendor/defuse/php-encryption/src/KeyOrPassword.php,KeyOrPassword.php,php,secret_pattern,secret_pattern,exclude,4555
libraries/vendor/defuse/php-encryption/src/KeyProtectedByPassword.php,KeyProtectedByPassword.php,php,secret_pattern,secret_pattern,exclude,4723
libraries/vendor/web-auth/webauthn-lib/src/Credential.php,Credential.php,php,secret_pattern,secret_pattern,exclude,428
libraries/vendor/web-auth/webauthn-lib/src/PublicKeyCredential.php,PublicKeyCredential.php,php,secret_pattern,secret_pattern,exclude,1015
libraries/vendor/phpseclib/phpseclib/phpseclib/Crypt/Common/Traits/PasswordProtected.php,PasswordProtected.php,php,secret_pattern,secret_pattern,exclude,1066
libraries/vendor/paragonie/sodium_compat/src/Core/SecretStream/State.php,State.php,php,secret_pattern,secret_pattern,exclude,3624
libraries/vendor/paragonie/sodium_compat/src/Core32/SecretStream/State.php,State.php,php,secret_pattern,secret_pattern,exclude,3656
libraries/vendor/php-debugbar/php-debugbar/src/DebugBar/Storage/pdo_storage_schema.sql,pdo_storage_schema.sql,sql,database_dump,database_dump,exclude,552
libraries/vendor/joomla/session/meta/sql/sqlite.sql,sqlite.sql,sql,database_dump,database_dump,exclude,166
libraries/vendor/joomla/session/meta/sql/pgsql.sql,pgsql.sql,sql,database_dump,database_dump,exclude,150
libraries/vendor/joomla/session/meta/sql/sqlsrv.sql,sqlsrv.sql,sql,database_dump,database_dump,exclude,371
libraries/vendor/joomla/session/meta/sql/mysql.sql,mysql.sql,sql,database_dump,database_dump,exclude,209
libraries/vendor/joomla/authentication/src/AbstractUsernamePasswordAuthenticationStrategy.php,AbstractUsernamePasswordAuthenticationStrategy.php,php,secret_pattern,secret_pattern,exclude,3249
libraries/vendor/joomla/authentication/src/Exception/UnsupportedPasswordHandlerException.php,UnsupportedPasswordHandlerException.php,php,secret_pattern,secret_pattern,exclude,438
libraries/vendor/joomla/authentication/src/Password/BCryptHandler.php,BCryptHandler.php,php,secret_pattern,secret_pattern,exclude,1565
libraries/vendor/joomla/authentication/src/Password/Argon2idHandler.php,Argon2idHandler.php,php,secret_pattern,secret_pattern,exclude,2232
libraries/vendor/joomla/authentication/src/Password/HandlerInterface.php,HandlerInterface.php,php,secret_pattern,secret_pattern,exclude,1224
libraries/vendor/joomla/authentication/src/Password/Argon2iHandler.php,Argon2iHandler.php,php,secret_pattern,secret_pattern,exclude,2272
libraries/vendor/symfony/validator/Constraints/PasswordStrength.php,PasswordStrength.php,php,secret_pattern,secret_pattern,exclude,1835
libraries/vendor/symfony/validator/Constraints/NotCompromisedPasswordValidator.php,NotCompromisedPasswordValidator.php,php,secret_pattern,secret_pattern,exclude,3669
libraries/vendor/symfony/validator/Constraints/NotCompromisedPassword.php,NotCompromisedPassword.php,php,secret_pattern,secret_pattern,exclude,1673
libraries/vendor/symfony/validator/Constraints/PasswordStrengthValidator.php,PasswordStrengthValidator.php,php,secret_pattern,secret_pattern,exclude,3131
libraries/vendor/composer/ca-bundle/res/cacert.pem,cacert.pem,pem,crypto_key,crypto_key,exclude,227919
libraries/vendor/lcobucci/jwt/src/Configuration.php,Configuration.php,php,joomla_config,joomla_config,exclude,3883
libraries/vendor/web-token/jwt-library/Console/SecretKeyGeneratorCommand.php,SecretKeyGeneratorCommand.php,php,secret_pattern,secret_pattern,exclude,2045
