evidence_link_id,sharepoint_item_id,source_url,access_status,http_status,failure_reason,last_checked_at
SP-0054,IQDzn-RPP_HjQZXJJFQXIHsrAXF49EtCX1g-oeUxBOZr_5Q,https://maejo365-my.sharepoint.com/:b:/g/personal/prinya_mju_ac_th/IQDzn-RPP_HjQZXJJFQXIHsrAXF49EtCX1g-oeUxBOZr_5Q?e=TeY34k,ACCESS_DENIED,403,AUTHORIZATION_BLOCKED — no authenticated M365 session,2026-07-20T13:56:07.498971+07:00
SP-0056,IQCCNm4xkOOoR5n4JWdgq5zIAWl9bzgITKr3vc3I7KEaMkM,https://maejo365-my.sharepoint.com/:b:/g/personal/prinya_mju_ac_th/IQCCNm4xkOOoR5n4JWdgq5zIAWl9bzgITKr3vc3I7KEaMkM?e=dN5RQb,ACCESS_DENIED,403,AUTHORIZATION_BLOCKED — no authenticated M365 session,2026-07-20T13:56:07.498971+07:00
SP-0057,IQBZsx1N_x_qTZYrWDD_B37yAb6G5wMxGkZQdAtJaWIbkhk,https://maejo365-my.sharepoint.com/:b:/g/personal/prinya_mju_ac_th/IQBZsx1N_x_qTZYrWDD_B37yAb6G5wMxGkZQdAtJaWIbkhk?e=dwwBOK,ACCESS_DENIED,403,AUTHORIZATION_BLOCKED — no authenticated M365 session,2026-07-20T13:56:07.498971+07:00
SP-0014,IQDDx8lnLO2CRKLtmsIn9wRlAV-aKaQ8iG3QJDo62psWc5E,https://maejo365-my.sharepoint.com/:b:/g/personal/prinya_mju_ac_th/IQDDx8lnLO2CRKLtmsIn9wRlAV-aKaQ8iG3QJDo62psWc5E?e=mV5sEq,ACCESS_DENIED,403,AUTHORIZATION_BLOCKED — no authenticated M365 session,2026-07-20T13:56:07.498971+07:00
SP-0016,IQCLFwLjA8XMSr491rZMLvFXAQ4QIBFKJxXwzSfSGJKmH5c,https://maejo365-my.sharepoint.com/:b:/g/personal/prinya_mju_ac_th/IQCLFwLjA8XMSr491rZMLvFXAQ4QIBFKJxXwzSfSGJKmH5c?e=TL6or3,ACCESS_DENIED,403,AUTHORIZATION_BLOCKED — no authenticated M365 session,2026-07-20T13:56:07.498971+07:00
SP-0061,IQAUiuq5ih1EQ4TdIVKlRy1NAZfCvmD9L1rVyGrRNNHGFoA,https://maejo365-my.sharepoint.com/:b:/g/personal/prinya_mju_ac_th/IQAUiuq5ih1EQ4TdIVKlRy1NAZfCvmD9L1rVyGrRNNHGFoA?e=RtsCxa,LOGIN_PAGE,200,AUTHORIZATION_BLOCKED — no authenticated M365 session,2026-07-20T13:56:07.498971+07:00
SP-0020,IQCTS9JC5u9ET4uEdOjFH3R_AbykRElj2a-nU5BQTV9qjTk,https://maejo365-my.sharepoint.com/:b:/g/personal/prinya_mju_ac_th/IQCTS9JC5u9ET4uEdOjFH3R_AbykRElj2a-nU5BQTV9qjTk?e=NsujPa,ACCESS_DENIED,403,AUTHORIZATION_BLOCKED — no authenticated M365 session,2026-07-20T13:56:07.498971+07:00
SP-0022,IQBqUGjx_JIfTJrMSVGMrOeuARNFFnhZ4cT11_Kv9ibzjHA,https://maejo365-my.sharepoint.com/:b:/g/personal/prinya_mju_ac_th/IQBqUGjx_JIfTJrMSVGMrOeuARNFFnhZ4cT11_Kv9ibzjHA?e=IYM4qK,ACCESS_DENIED,403,AUTHORIZATION_BLOCKED — no authenticated M365 session,2026-07-20T13:56:07.498971+07:00
SP-0028,IQAu_TXwiCxdTrYtKV6bR968AbCwpXVAvjRQkbWXsLopkyE,https://maejo365-my.sharepoint.com/:b:/g/personal/prinya_mju_ac_th/IQAu_TXwiCxdTrYtKV6bR968AbCwpXVAvjRQkbWXsLopkyE?e=ng8xBy,ACCESS_DENIED,403,AUTHORIZATION_BLOCKED — no authenticated M365 session,2026-07-20T13:56:07.498971+07:00
SP-0068,IQAgR9yv1y6ZR4Rz-_UF_i6MAbfwDJvJ9fUhTMBa_P3lvps,https://maejo365-my.sharepoint.com/:b:/g/personal/prinya_mju_ac_th/IQAgR9yv1y6ZR4Rz-_UF_i6MAbfwDJvJ9fUhTMBa_P3lvps?e=IcrooX,ACCESS_DENIED,403,AUTHORIZATION_BLOCKED — no authenticated M365 session,2026-07-20T13:56:07.498971+07:00
SP-0045,IQBIROYaTmqSSqXAkTMn_cM0AWYIFrc6CV7fSWq4X0fQYeU,https://maejo365-my.sharepoint.com/:b:/g/personal/prinya_mju_ac_th/IQBIROYaTmqSSqXAkTMn_cM0AWYIFrc6CV7fSWq4X0fQYeU?e=Mt967o,ACCESS_DENIED,403,AUTHORIZATION_BLOCKED — no authenticated M365 session,2026-07-20T13:56:07.498971+07:00
SP-0046,IQAYqO7zIhToQoY0jg0XMQ2KAVvO-4NpnWizfw0rCoNCJ6g,https://maejo365-my.sharepoint.com/:x:/g/personal/prinya_mju_ac_th/IQAYqO7zIhToQoY0jg0XMQ2KAVvO-4NpnWizfw0rCoNCJ6g?e=kV5Vzw,ACCESS_DENIED,403,AUTHORIZATION_BLOCKED — no authenticated M365 session,2026-07-20T13:56:07.498971+07:00
SP-0047,IQAh-Jq8-GxaR4R-x2BeYZKXAakh7ZBTFxTvJ2lGpPOkKNc,https://maejo365-my.sharepoint.com/:x:/g/personal/prinya_mju_ac_th/IQAh-Jq8-GxaR4R-x2BeYZKXAakh7ZBTFxTvJ2lGpPOkKNc?e=HudkSC,ACCESS_DENIED,403,AUTHORIZATION_BLOCKED — no authenticated M365 session,2026-07-20T13:56:07.498971+07:00
SP-0001,IQDLF_P7NaHLS6EHBk434hRtAQe_SVlbrKfNDqxjZZZEw_M,https://maejo365-my.sharepoint.com/:b:/g/personal/prinya_mju_ac_th/IQDLF_P7NaHLS6EHBk434hRtAQe_SVlbrKfNDqxjZZZEw_M?e=BKmQpp,ACCESS_DENIED,403,AUTHORIZATION_BLOCKED — no authenticated M365 session,2026-07-20T13:56:07.498971+07:00
SP-0005,IQCkJo5Yc5QDTL4eRhUI5cEnAbG-L1L-fHHI8QOUwc1qYVA,https://maejo365-my.sharepoint.com/:b:/g/personal/prinya_mju_ac_th/IQCkJo5Yc5QDTL4eRhUI5cEnAbG-L1L-fHHI8QOUwc1qYVA?e=8Nn6cI,ACCESS_DENIED,403,AUTHORIZATION_BLOCKED — no authenticated M365 session,2026-07-20T13:56:07.498971+07:00
SP-0008,IQC8vbg-VrrEQqFsfZkBOXEcATXmUfG7BHyd0bbLNSAR3Ps,https://maejo365-my.sharepoint.com/:b:/g/personal/prinya_mju_ac_th/IQC8vbg-VrrEQqFsfZkBOXEcATXmUfG7BHyd0bbLNSAR3Ps?e=x5o7BE,ACCESS_DENIED,403,AUTHORIZATION_BLOCKED — no authenticated M365 session,2026-07-20T13:56:07.498971+07:00
SP-0024,IQBKXnnuV01OR41c6vAamPXrATW141dVbEih8tuQP725MEo,https://maejo365-my.sharepoint.com/:b:/g/personal/prinya_mju_ac_th/IQBKXnnuV01OR41c6vAamPXrATW141dVbEih8tuQP725MEo?e=geHfKh,LOGIN_PAGE,200,AUTHORIZATION_BLOCKED — no authenticated M365 session,2026-07-20T13:56:07.498971+07:00
SP-0026,IQCo1Ls9MkuNSI0yScB3Rbz3AUWDkcb8xD6qUxPMu2syl98,https://maejo365-my.sharepoint.com/:b:/g/personal/prinya_mju_ac_th/IQCo1Ls9MkuNSI0yScB3Rbz3AUWDkcb8xD6qUxPMu2syl98?e=V7OdG7,LOGIN_PAGE,200,AUTHORIZATION_BLOCKED — no authenticated M365 session,2026-07-20T13:56:07.498971+07:00
SP-0036,IQC4RtE-sdJ3S5lTho_5K7LZAXPOPkrh0DaYiJjvTpla_Vc,https://maejo365-my.sharepoint.com/:b:/g/personal/prinya_mju_ac_th/IQC4RtE-sdJ3S5lTho_5K7LZAXPOPkrh0DaYiJjvTpla_Vc?e=1IwmdT,LOGIN_PAGE,200,AUTHORIZATION_BLOCKED — no authenticated M365 session,2026-07-20T13:56:07.498971+07:00
SP-0034,IQBzUqgnIy0bR4bhxynMCkw3AaJ_NJHSlkUuhj_qU2SqP08,https://maejo365-my.sharepoint.com/:b:/g/personal/prinya_mju_ac_th/IQBzUqgnIy0bR4bhxynMCkw3AaJ_NJHSlkUuhj_qU2SqP08?e=4i43rR,ACCESS_DENIED,403,AUTHORIZATION_BLOCKED — no authenticated M365 session,2026-07-20T13:56:07.498971+07:00
SP-0035,IQCA8FNqsA3VTp7Yao-2ynkhAYhIPcQVureMkRFms6j_LjU,https://maejo365-my.sharepoint.com/:b:/g/personal/prinya_mju_ac_th/IQCA8FNqsA3VTp7Yao-2ynkhAYhIPcQVureMkRFms6j_LjU?e=dk2Ibk,ACCESS_DENIED,403,AUTHORIZATION_BLOCKED — no authenticated M365 session,2026-07-20T13:56:07.498971+07:00
SP-0058,Ed9yefosFCFPh1H_0I0Mb0gBs07imx2AywWkmGDK3ZxkxQ,https://maejo365-my.sharepoint.com/:x:/g/personal/prinya_mju_ac_th/Ed9yefosFCFPh1H_0I0Mb0gBs07imx2AywWkmGDK3ZxkxQ?e=XJIRFa,ACCESS_DENIED,403,AUTHORIZATION_BLOCKED — no authenticated M365 session,2026-07-20T13:56:07.498971+07:00
SP-0062,EQ1j2DbbdF9IkToyjdQL_QUBL6Lp80U6wlInRdYFcxeTEw,https://maejo365-my.sharepoint.com/:x:/g/personal/prinya_mju_ac_th/EQ1j2DbbdF9IkToyjdQL_QUBL6Lp80U6wlInRdYFcxeTEw?e=ueSGPL,ACCESS_DENIED,403,AUTHORIZATION_BLOCKED — no authenticated M365 session,2026-07-20T13:56:07.498971+07:00
SP-0063,IQCiFsghTHAXRqyFPKs1YR6ZAZTZfQjbkxyThTalLJySJ7E,https://maejo365-my.sharepoint.com/:b:/g/personal/prinya_mju_ac_th/IQCiFsghTHAXRqyFPKs1YR6ZAZTZfQjbkxyThTalLJySJ7E?e=CDMDQq,ACCESS_DENIED,403,AUTHORIZATION_BLOCKED — no authenticated M365 session,2026-07-20T13:56:07.498971+07:00
SP-0066,IQBzhX99A4zIQ7ZDwSij2bB1AaxPEp9t1VVfc21ReIdREtY,https://maejo365-my.sharepoint.com/:b:/g/personal/prinya_mju_ac_th/IQBzhX99A4zIQ7ZDwSij2bB1AaxPEp9t1VVfc21ReIdREtY?e=EuEbaf,ACCESS_DENIED,403,AUTHORIZATION_BLOCKED — no authenticated M365 session,2026-07-20T13:56:07.498971+07:00
SP-0048,IQAbwr0kbFPGS5MAHjLoOXUbAU_VUdP_4MwMj4M125xys4Q,https://maejo365-my.sharepoint.com/:b:/g/personal/prinya_mju_ac_th/IQAbwr0kbFPGS5MAHjLoOXUbAU_VUdP_4MwMj4M125xys4Q?e=nZETeR,ACCESS_DENIED,403,AUTHORIZATION_BLOCKED — no authenticated M365 session,2026-07-20T13:56:07.498971+07:00
SP-0069,IQDpbzu0scr6TbnDPvpKVyU0AXSuqCuApafOqFnNTI5gKHQ,https://maejo365-my.sharepoint.com/:b:/g/personal/prinya_mju_ac_th/IQDpbzu0scr6TbnDPvpKVyU0AXSuqCuApafOqFnNTI5gKHQ?e=rIWUcO,ACCESS_DENIED,403,AUTHORIZATION_BLOCKED — no authenticated M365 session,2026-07-20T13:56:07.498971+07:00
SP-0010,IQCjAOcIrTVoSY8zdgqQJSB5AR884SGk-5-WlTVPEsoDk-s,https://maejo365-my.sharepoint.com/:b:/g/personal/prinya_mju_ac_th/IQCjAOcIrTVoSY8zdgqQJSB5AR884SGk-5-WlTVPEsoDk-s?e=6alT85,ACCESS_DENIED,403,AUTHORIZATION_BLOCKED — no authenticated M365 session,2026-07-20T13:56:07.498971+07:00
SP-0012,IQBsovJYQs-MS6lF6gShrm0FAfHS1cjp5qpudNy638RvhDw,https://maejo365-my.sharepoint.com/:b:/g/personal/prinya_mju_ac_th/IQBsovJYQs-MS6lF6gShrm0FAfHS1cjp5qpudNy638RvhDw?e=SDrfZb,ACCESS_DENIED,403,AUTHORIZATION_BLOCKED — no authenticated M365 session,2026-07-20T13:56:07.498971+07:00
SP-0018,IQCFTwbSPA_xTquyVcbjBp9bAaEOOnOmbiXR96CMTdgRZnk,https://maejo365-my.sharepoint.com/:b:/g/personal/prinya_mju_ac_th/IQCFTwbSPA_xTquyVcbjBp9bAaEOOnOmbiXR96CMTdgRZnk?e=8QRb1e,ACCESS_DENIED,403,AUTHORIZATION_BLOCKED — no authenticated M365 session,2026-07-20T13:56:07.498971+07:00
