normalized_url,source_url,access_status,http_status,authentication_required,resolved_provider,final_url_domain,file_metadata_available,storage_scope,probable_owner,occurrence_count,source_article_ids,last_checked_at
https://maejo365-my.sharepoint.com/:b:/g/personal/prinya_mju_ac_th/IQA0oxqNiMx_R4kZtkgnb7UxAZQCXs6KwaUfwPYRS646uVQ,https://maejo365-my.sharepoint.com/:b:/g/personal/prinya_mju_ac_th/IQA0oxqNiMx_R4kZtkgnb7UxAZQCXs6KwaUfwPYRS646uVQ?e=PXT4SN,ACCESS_DENIED,403,yes,microsoft_sharepoint,maejo365-my.sharepoint.com,no,personal_onedrive,prinya_mju_ac_th,1,55,2026-07-20T13:49:13.092364+07:00
https://maejo365-my.sharepoint.com/:b:/g/personal/prinya_mju_ac_th/IQA2LjzA_ijdQIs-GiWl84HsARIEgTnrnLxLLd7SiBOLIU8,https://maejo365-my.sharepoint.com/:b:/g/personal/prinya_mju_ac_th/IQA2LjzA_ijdQIs-GiWl84HsARIEgTnrnLxLLd7SiBOLIU8?e=toml2h,ACCESS_DENIED,403,yes,microsoft_sharepoint,maejo365-my.sharepoint.com,no,personal_onedrive,prinya_mju_ac_th,1,50,2026-07-20T13:49:13.092364+07:00
https://maejo365-my.sharepoint.com/:b:/g/personal/prinya_mju_ac_th/IQA3LgYjbm1xRbGcdsJhvhZ9ASirLuHt5LdSCFFE9YlCRrI,https://maejo365-my.sharepoint.com/:b:/g/personal/prinya_mju_ac_th/IQA3LgYjbm1xRbGcdsJhvhZ9ASirLuHt5LdSCFFE9YlCRrI?e=J9ZQcF,ACCESS_DENIED,403,yes,microsoft_sharepoint,maejo365-my.sharepoint.com,no,personal_onedrive,prinya_mju_ac_th,1,49,2026-07-20T13:49:13.092364+07:00
https://maejo365-my.sharepoint.com/:b:/g/personal/prinya_mju_ac_th/IQA3e3_RMpeCR78f7yyGVLRHAeWWwzmFaT_VMOWsmfR0ysc,https://maejo365-my.sharepoint.com/:b:/g/personal/prinya_mju_ac_th/IQA3e3_RMpeCR78f7yyGVLRHAeWWwzmFaT_VMOWsmfR0ysc?e=pM2Y4b,ACCESS_DENIED,403,yes,microsoft_sharepoint,maejo365-my.sharepoint.com,no,personal_onedrive,prinya_mju_ac_th,1,53,2026-07-20T13:49:13.092364+07:00
https://maejo365-my.sharepoint.com/:b:/g/personal/prinya_mju_ac_th/IQA4hKaJNbp-T5UNHjqXmM1dAeeArtszlog4yJepvhHYvds,https://maejo365-my.sharepoint.com/:b:/g/personal/prinya_mju_ac_th/IQA4hKaJNbp-T5UNHjqXmM1dAeeArtszlog4yJepvhHYvds?e=Sxm2CC,ACCESS_DENIED,403,yes,microsoft_sharepoint,maejo365-my.sharepoint.com,no,personal_onedrive,prinya_mju_ac_th,1,38,2026-07-20T13:49:13.092364+07:00
https://maejo365-my.sharepoint.com/:b:/g/personal/prinya_mju_ac_th/IQA9W-dh2xA_SJQtFZUtR7j3AfQ8RTYgg3lg20B8ZPtA3R8,https://maejo365-my.sharepoint.com/:b:/g/personal/prinya_mju_ac_th/IQA9W-dh2xA_SJQtFZUtR7j3AfQ8RTYgg3lg20B8ZPtA3R8?e=cVTPXj,ACCESS_DENIED,403,yes,microsoft_sharepoint,maejo365-my.sharepoint.com,no,personal_onedrive,prinya_mju_ac_th,1,53,2026-07-20T13:49:13.092364+07:00
https://maejo365-my.sharepoint.com/:b:/g/personal/prinya_mju_ac_th/IQA9fYLXRKT-R7Zx7dUD3woXASUw6Mxxq8Sl3cjB3EqO7_o,https://maejo365-my.sharepoint.com/:b:/g/personal/prinya_mju_ac_th/IQA9fYLXRKT-R7Zx7dUD3woXASUw6Mxxq8Sl3cjB3EqO7_o?e=BwTNHu,ACCESS_DENIED,403,yes,microsoft_sharepoint,maejo365-my.sharepoint.com,no,personal_onedrive,prinya_mju_ac_th,1,53,2026-07-20T13:49:13.092364+07:00
https://maejo365-my.sharepoint.com/:b:/g/personal/prinya_mju_ac_th/IQABBXSIL1jxQLjm5kgdBQd5AZcV3UzF-O38V-i1t2oY_50,https://maejo365-my.sharepoint.com/:b:/g/personal/prinya_mju_ac_th/IQABBXSIL1jxQLjm5kgdBQd5AZcV3UzF-O38V-i1t2oY_50?e=IYbxmA,ACCESS_DENIED,403,yes,microsoft_sharepoint,maejo365-my.sharepoint.com,no,personal_onedrive,prinya_mju_ac_th,1,52,2026-07-20T13:49:13.092364+07:00
https://maejo365-my.sharepoint.com/:b:/g/personal/prinya_mju_ac_th/IQAIGzsXI7wsRZLi0Md58jvbAU5sPaONXomoYP-JlaKUxMQ,https://maejo365-my.sharepoint.com/:b:/g/personal/prinya_mju_ac_th/IQAIGzsXI7wsRZLi0Md58jvbAU5sPaONXomoYP-JlaKUxMQ?e=enSzP5,ACCESS_DENIED,403,yes,microsoft_sharepoint,maejo365-my.sharepoint.com,no,personal_onedrive,prinya_mju_ac_th,1,43,2026-07-20T13:49:13.092364+07:00
https://maejo365-my.sharepoint.com/:b:/g/personal/prinya_mju_ac_th/IQAIkpfj5UzCQ4CIIpbTn1aRAehPdwHOGDRsYKODcRrn67I,https://maejo365-my.sharepoint.com/:b:/g/personal/prinya_mju_ac_th/IQAIkpfj5UzCQ4CIIpbTn1aRAehPdwHOGDRsYKODcRrn67I?e=xaPTMW,AUTHENTICATED_REACHABLE,200,likely_yes,microsoft_sharepoint,maejo365-my.sharepoint.com,no,personal_onedrive,prinya_mju_ac_th,1,55,2026-07-20T13:49:13.092364+07:00
https://maejo365-my.sharepoint.com/:b:/g/personal/prinya_mju_ac_th/IQASdsO9td6CQo_fh6lIKkvYAZIlFqrgEPIW90d0rXaKfTo,https://maejo365-my.sharepoint.com/:b:/g/personal/prinya_mju_ac_th/IQASdsO9td6CQo_fh6lIKkvYAZIlFqrgEPIW90d0rXaKfTo?e=NCdjsz,ACCESS_DENIED,403,yes,microsoft_sharepoint,maejo365-my.sharepoint.com,no,personal_onedrive,prinya_mju_ac_th,1,53,2026-07-20T13:49:13.092364+07:00
https://maejo365-my.sharepoint.com/:b:/g/personal/prinya_mju_ac_th/IQAUiuq5ih1EQ4TdIVKlRy1NAZfCvmD9L1rVyGrRNNHGFoA,https://maejo365-my.sharepoint.com/:b:/g/personal/prinya_mju_ac_th/IQAUiuq5ih1EQ4TdIVKlRy1NAZfCvmD9L1rVyGrRNNHGFoA?e=RtsCxa,AUTHENTICATED_REACHABLE,200,likely_yes,microsoft_sharepoint,maejo365-my.sharepoint.com,no,personal_onedrive,prinya_mju_ac_th,1,44,2026-07-20T13:49:13.092364+07:00
https://maejo365-my.sharepoint.com/:b:/g/personal/prinya_mju_ac_th/IQAVdn84mF67Tr1B667IJh3cAYE-rgIUZ9TBGEI_BePEo2c,https://maejo365-my.sharepoint.com/:b:/g/personal/prinya_mju_ac_th/IQAVdn84mF67Tr1B667IJh3cAYE-rgIUZ9TBGEI_BePEo2c?e=Vr1h52,ACCESS_DENIED,403,yes,microsoft_sharepoint,maejo365-my.sharepoint.com,no,personal_onedrive,prinya_mju_ac_th,1,55,2026-07-20T13:49:13.092364+07:00
https://maejo365-my.sharepoint.com/:b:/g/personal/prinya_mju_ac_th/IQAXY8DDqNxLQaTTXff_pPQyARsqUVXbSs97F7VN6w-y1N8,https://maejo365-my.sharepoint.com/:b:/g/personal/prinya_mju_ac_th/IQAXY8DDqNxLQaTTXff_pPQyARsqUVXbSs97F7VN6w-y1N8?e=ejZj6B,ACCESS_DENIED,403,yes,microsoft_sharepoint,maejo365-my.sharepoint.com,no,personal_onedrive,prinya_mju_ac_th,1,44,2026-07-20T13:49:13.092364+07:00
https://maejo365-my.sharepoint.com/:b:/g/personal/prinya_mju_ac_th/IQAXyOgl4u7pQqQM81Y6cgi3AfbnRQ2chCtwb_Zyp4g6f14,https://maejo365-my.sharepoint.com/:b:/g/personal/prinya_mju_ac_th/IQAXyOgl4u7pQqQM81Y6cgi3AfbnRQ2chCtwb_Zyp4g6f14?e=jA8y9S,AUTHENTICATED_REACHABLE,200,likely_yes,microsoft_sharepoint,maejo365-my.sharepoint.com,no,personal_onedrive,prinya_mju_ac_th,1,35,2026-07-20T13:49:13.092364+07:00
https://maejo365-my.sharepoint.com/:b:/g/personal/prinya_mju_ac_th/IQAY7H4wPqgjS5FkYj_ckHcQAcC8J_n3s68go4t_SqukI0w,https://maejo365-my.sharepoint.com/:b:/g/personal/prinya_mju_ac_th/IQAY7H4wPqgjS5FkYj_ckHcQAcC8J_n3s68go4t_SqukI0w?e=CthjM1,ACCESS_DENIED,403,yes,microsoft_sharepoint,maejo365-my.sharepoint.com,no,personal_onedrive,prinya_mju_ac_th,1,43,2026-07-20T13:49:13.092364+07:00
https://maejo365-my.sharepoint.com/:b:/g/personal/prinya_mju_ac_th/IQAYZKbt8DZnR7T6LO8vJXm8Af70XBdqnp3vec2aIgrFP_w,https://maejo365-my.sharepoint.com/:b:/g/personal/prinya_mju_ac_th/IQAYZKbt8DZnR7T6LO8vJXm8Af70XBdqnp3vec2aIgrFP_w?e=TQ9u2G,ACCESS_DENIED,403,yes,microsoft_sharepoint,maejo365-my.sharepoint.com,no,personal_onedrive,prinya_mju_ac_th,2,53,2026-07-20T13:49:13.092364+07:00
https://maejo365-my.sharepoint.com/:b:/g/personal/prinya_mju_ac_th/IQA_phQbCv3cT5ETq7o2n0vuAfOfO5v5YHTR5CcV0frbMT4,https://maejo365-my.sharepoint.com/:b:/g/personal/prinya_mju_ac_th/IQA_phQbCv3cT5ETq7o2n0vuAfOfO5v5YHTR5CcV0frbMT4?e=eBiedt,ACCESS_DENIED,403,yes,microsoft_sharepoint,maejo365-my.sharepoint.com,no,personal_onedrive,prinya_mju_ac_th,1,38,2026-07-20T13:49:13.092364+07:00
https://maejo365-my.sharepoint.com/:b:/g/personal/prinya_mju_ac_th/IQAaYzsgW6avT5ZrHZy_duLkAUe2u0BzibuvDn49LFHiWDM,https://maejo365-my.sharepoint.com/:b:/g/personal/prinya_mju_ac_th/IQAaYzsgW6avT5ZrHZy_duLkAUe2u0BzibuvDn49LFHiWDM?e=Z6Dj0b,ACCESS_DENIED,403,yes,microsoft_sharepoint,maejo365-my.sharepoint.com,no,personal_onedrive,prinya_mju_ac_th,1,49,2026-07-20T13:49:13.092364+07:00
https://maejo365-my.sharepoint.com/:b:/g/personal/prinya_mju_ac_th/IQAbC_A0pT0RQox0lwZmTznLAbiY5J4Ikb20JGRSHKKLCfs,https://maejo365-my.sharepoint.com/:b:/g/personal/prinya_mju_ac_th/IQAbC_A0pT0RQox0lwZmTznLAbiY5J4Ikb20JGRSHKKLCfs?e=ipyoxN,ACCESS_DENIED,403,yes,microsoft_sharepoint,maejo365-my.sharepoint.com,no,personal_onedrive,prinya_mju_ac_th,1,52,2026-07-20T13:49:13.092364+07:00
https://maejo365-my.sharepoint.com/:b:/g/personal/prinya_mju_ac_th/IQAbc34Wlp-IT6uFLmpgI6RlAcAzMJ0gGy5bjLPriDri2UM,https://maejo365-my.sharepoint.com/:b:/g/personal/prinya_mju_ac_th/IQAbc34Wlp-IT6uFLmpgI6RlAcAzMJ0gGy5bjLPriDri2UM?e=QczbYv,ACCESS_DENIED,403,yes,microsoft_sharepoint,maejo365-my.sharepoint.com,no,personal_onedrive,prinya_mju_ac_th,1,52,2026-07-20T13:49:13.092364+07:00
https://maejo365-my.sharepoint.com/:b:/g/personal/prinya_mju_ac_th/IQAbwr0kbFPGS5MAHjLoOXUbAU_VUdP_4MwMj4M125xys4Q,https://maejo365-my.sharepoint.com/:b:/g/personal/prinya_mju_ac_th/IQAbwr0kbFPGS5MAHjLoOXUbAU_VUdP_4MwMj4M125xys4Q?e=nZETeR,ACCESS_DENIED,403,yes,microsoft_sharepoint,maejo365-my.sharepoint.com,no,personal_onedrive,prinya_mju_ac_th,1,37,2026-07-20T13:49:13.092364+07:00
https://maejo365-my.sharepoint.com/:b:/g/personal/prinya_mju_ac_th/IQAcMrWi_xenRIPVsOfrj4y7AdmF6o4KBGAWic_qGQK7W1E,https://maejo365-my.sharepoint.com/:b:/g/personal/prinya_mju_ac_th/IQAcMrWi_xenRIPVsOfrj4y7AdmF6o4KBGAWic_qGQK7W1E?e=fbkcOB,ACCESS_DENIED,403,yes,microsoft_sharepoint,maejo365-my.sharepoint.com,no,personal_onedrive,prinya_mju_ac_th,1,53,2026-07-20T13:49:13.092364+07:00
https://maejo365-my.sharepoint.com/:b:/g/personal/prinya_mju_ac_th/IQAdgwMBMcQ2R4V6eNxAXo-EAbRFEIqQo-dpdKbzKZ72yIw,https://maejo365-my.sharepoint.com/:b:/g/personal/prinya_mju_ac_th/IQAdgwMBMcQ2R4V6eNxAXo-EAbRFEIqQo-dpdKbzKZ72yIw?e=mTXqwo,ACCESS_DENIED,403,yes,microsoft_sharepoint,maejo365-my.sharepoint.com,no,personal_onedrive,prinya_mju_ac_th,1,47,2026-07-20T13:49:13.092364+07:00
https://maejo365-my.sharepoint.com/:b:/g/personal/prinya_mju_ac_th/IQAew3IFj3IwRJ4D7GLYYxIsAQ2MS0f9rSJRbhGPiOzWnpQ,https://maejo365-my.sharepoint.com/:b:/g/personal/prinya_mju_ac_th/IQAew3IFj3IwRJ4D7GLYYxIsAQ2MS0f9rSJRbhGPiOzWnpQ?e=CXt0P8,ACCESS_DENIED,403,yes,microsoft_sharepoint,maejo365-my.sharepoint.com,no,personal_onedrive,prinya_mju_ac_th,1,55,2026-07-20T13:49:13.092364+07:00
https://maejo365-my.sharepoint.com/:b:/g/personal/prinya_mju_ac_th/IQAgR9yv1y6ZR4Rz-_UF_i6MAbfwDJvJ9fUhTMBa_P3lvps,https://maejo365-my.sharepoint.com/:b:/g/personal/prinya_mju_ac_th/IQAgR9yv1y6ZR4Rz-_UF_i6MAbfwDJvJ9fUhTMBa_P3lvps?e=IcrooX,ACCESS_DENIED,403,yes,microsoft_sharepoint,maejo365-my.sharepoint.com,no,personal_onedrive,prinya_mju_ac_th,1,47,2026-07-20T13:49:13.092364+07:00
https://maejo365-my.sharepoint.com/:b:/g/personal/prinya_mju_ac_th/IQAkLcmBkFZkTY9i-ZAPajy9AZJya6uX3Ke0uoG-Iv8o8TU,https://maejo365-my.sharepoint.com/:b:/g/personal/prinya_mju_ac_th/IQAkLcmBkFZkTY9i-ZAPajy9AZJya6uX3Ke0uoG-Iv8o8TU?e=ZRfCRs,ACCESS_DENIED,403,yes,microsoft_sharepoint,maejo365-my.sharepoint.com,no,personal_onedrive,prinya_mju_ac_th,1,49,2026-07-20T13:49:13.092364+07:00
https://maejo365-my.sharepoint.com/:b:/g/personal/prinya_mju_ac_th/IQAqpU1lyx2_QorSOqJ9vj3pAc-moB-mprTMMgVbS5L9ZHU,https://maejo365-my.sharepoint.com/:b:/g/personal/prinya_mju_ac_th/IQAqpU1lyx2_QorSOqJ9vj3pAc-moB-mprTMMgVbS5L9ZHU?e=dJ1lIl,ACCESS_DENIED,403,yes,microsoft_sharepoint,maejo365-my.sharepoint.com,no,personal_onedrive,prinya_mju_ac_th,1,54,2026-07-20T13:49:13.092364+07:00
https://maejo365-my.sharepoint.com/:b:/g/personal/prinya_mju_ac_th/IQAu_TXwiCxdTrYtKV6bR968AbCwpXVAvjRQkbWXsLopkyE,https://maejo365-my.sharepoint.com/:b:/g/personal/prinya_mju_ac_th/IQAu_TXwiCxdTrYtKV6bR968AbCwpXVAvjRQkbWXsLopkyE?e=AAlk2t,ACCESS_DENIED,403,yes,microsoft_sharepoint,maejo365-my.sharepoint.com,no,personal_onedrive,prinya_mju_ac_th,2,48,2026-07-20T13:49:13.092364+07:00
https://maejo365-my.sharepoint.com/:b:/g/personal/prinya_mju_ac_th/IQAu_TXwiCxdTrYtKV6bR968AbCwpXVAvjRQkbWXsLopkyE,https://maejo365-my.sharepoint.com/:b:/g/personal/prinya_mju_ac_th/IQAu_TXwiCxdTrYtKV6bR968AbCwpXVAvjRQkbWXsLopkyE?e=ng8xBy,ACCESS_DENIED,403,yes,microsoft_sharepoint,maejo365-my.sharepoint.com,no,personal_onedrive,prinya_mju_ac_th,2,48,2026-07-20T13:49:13.092364+07:00
https://maejo365-my.sharepoint.com/:b:/g/personal/prinya_mju_ac_th/IQAwxkHjUkzARK-TgVZin_xEAXhVLetuiddzhKpOSGBkV74,https://maejo365-my.sharepoint.com/:b:/g/personal/prinya_mju_ac_th/IQAwxkHjUkzARK-TgVZin_xEAXhVLetuiddzhKpOSGBkV74?e=i7TIb1,ACCESS_DENIED,403,yes,microsoft_sharepoint,maejo365-my.sharepoint.com,no,personal_onedrive,prinya_mju_ac_th,1,55,2026-07-20T13:49:13.092364+07:00
https://maejo365-my.sharepoint.com/:b:/g/personal/prinya_mju_ac_th/IQAzH7YVJ4YRS407KYTBI7WeASjg277gUgsBWGri-OTKHzs,https://maejo365-my.sharepoint.com/:b:/g/personal/prinya_mju_ac_th/IQAzH7YVJ4YRS407KYTBI7WeASjg277gUgsBWGri-OTKHzs?e=rAUP8P,ACCESS_DENIED,403,yes,microsoft_sharepoint,maejo365-my.sharepoint.com,no,personal_onedrive,prinya_mju_ac_th,1,55,2026-07-20T13:49:13.092364+07:00
https://maejo365-my.sharepoint.com/:b:/g/personal/prinya_mju_ac_th/IQAzQGbdKqvqTq4g8wCp0OInAWkOjPHXSQ29M5p1UKtxx2k,https://maejo365-my.sharepoint.com/:b:/g/personal/prinya_mju_ac_th/IQAzQGbdKqvqTq4g8wCp0OInAWkOjPHXSQ29M5p1UKtxx2k?e=qro4Di,ACCESS_DENIED,403,yes,microsoft_sharepoint,maejo365-my.sharepoint.com,no,personal_onedrive,prinya_mju_ac_th,1,49,2026-07-20T13:49:13.092364+07:00
https://maejo365-my.sharepoint.com/:b:/g/personal/prinya_mju_ac_th/IQB21QQDfSNeRoXwgsVLxDQ0AdtTJXKPk0cQ0jzH4PO6rSM,https://maejo365-my.sharepoint.com/:b:/g/personal/prinya_mju_ac_th/IQB21QQDfSNeRoXwgsVLxDQ0AdtTJXKPk0cQ0jzH4PO6rSM?e=skyZo9,ACCESS_DENIED,403,yes,microsoft_sharepoint,maejo365-my.sharepoint.com,no,personal_onedrive,prinya_mju_ac_th,1,38,2026-07-20T13:49:13.092364+07:00
https://maejo365-my.sharepoint.com/:b:/g/personal/prinya_mju_ac_th/IQB60Gpg0IcSTKDXIPAK8swvAcQm6o6tV1mHsgt_7CYYNMU,https://maejo365-my.sharepoint.com/:b:/g/personal/prinya_mju_ac_th/IQB60Gpg0IcSTKDXIPAK8swvAcQm6o6tV1mHsgt_7CYYNMU?e=1nPEbR,ACCESS_DENIED,403,yes,microsoft_sharepoint,maejo365-my.sharepoint.com,no,personal_onedrive,prinya_mju_ac_th,1,49,2026-07-20T13:49:13.092364+07:00
https://maejo365-my.sharepoint.com/:b:/g/personal/prinya_mju_ac_th/IQB61IkZiiTyRopxtfSsnPcAAY0WnfGfRbr7oKtOKRhQtDc,https://maejo365-my.sharepoint.com/:b:/g/personal/prinya_mju_ac_th/IQB61IkZiiTyRopxtfSsnPcAAY0WnfGfRbr7oKtOKRhQtDc?e=RK3dDa,ACCESS_DENIED,403,yes,microsoft_sharepoint,maejo365-my.sharepoint.com,no,personal_onedrive,prinya_mju_ac_th,1,53,2026-07-20T13:49:13.092364+07:00
https://maejo365-my.sharepoint.com/:b:/g/personal/prinya_mju_ac_th/IQB8JQs_npHbSKgjtN_LtN3tAZBLSjKr55LZuRQbgVNRa9w,https://maejo365-my.sharepoint.com/:b:/g/personal/prinya_mju_ac_th/IQB8JQs_npHbSKgjtN_LtN3tAZBLSjKr55LZuRQbgVNRa9w?e=D0YMaa,ACCESS_DENIED,403,yes,microsoft_sharepoint,maejo365-my.sharepoint.com,no,personal_onedrive,prinya_mju_ac_th,1,52,2026-07-20T13:49:13.092364+07:00
https://maejo365-my.sharepoint.com/:b:/g/personal/prinya_mju_ac_th/IQBGOFMBdqE8RLP5_WmLBkWeAQWSbNqhyn2cdyNCxuI0Wq0,https://maejo365-my.sharepoint.com/:b:/g/personal/prinya_mju_ac_th/IQBGOFMBdqE8RLP5_WmLBkWeAQWSbNqhyn2cdyNCxuI0Wq0?e=zhsffL,ACCESS_DENIED,403,yes,microsoft_sharepoint,maejo365-my.sharepoint.com,no,personal_onedrive,prinya_mju_ac_th,1,51,2026-07-20T13:49:13.092364+07:00
https://maejo365-my.sharepoint.com/:b:/g/personal/prinya_mju_ac_th/IQBGoDv_ck6mRqh9W-Q6rwTIAcCBp1t0bjx-pgw6Q2F0HY4,https://maejo365-my.sharepoint.com/:b:/g/personal/prinya_mju_ac_th/IQBGoDv_ck6mRqh9W-Q6rwTIAcCBp1t0bjx-pgw6Q2F0HY4?e=6lvXfl,ACCESS_DENIED,403,yes,microsoft_sharepoint,maejo365-my.sharepoint.com,no,personal_onedrive,prinya_mju_ac_th,1,53,2026-07-20T13:49:13.092364+07:00
https://maejo365-my.sharepoint.com/:b:/g/personal/prinya_mju_ac_th/IQBIKPrJibpWQ7hDVyTuk4FiAWu_5bW9Cf0NJ3CgBv-70vM,https://maejo365-my.sharepoint.com/:b:/g/personal/prinya_mju_ac_th/IQBIKPrJibpWQ7hDVyTuk4FiAWu_5bW9Cf0NJ3CgBv-70vM?e=rEuX9a,ACCESS_DENIED,403,yes,microsoft_sharepoint,maejo365-my.sharepoint.com,no,personal_onedrive,prinya_mju_ac_th,1,53,2026-07-20T13:49:13.092364+07:00
https://maejo365-my.sharepoint.com/:b:/g/personal/prinya_mju_ac_th/IQBIROYaTmqSSqXAkTMn_cM0AWYIFrc6CV7fSWq4X0fQYeU,https://maejo365-my.sharepoint.com/:b:/g/personal/prinya_mju_ac_th/IQBIROYaTmqSSqXAkTMn_cM0AWYIFrc6CV7fSWq4X0fQYeU?e=Mt967o,ACCESS_DENIED,403,yes,microsoft_sharepoint,maejo365-my.sharepoint.com,no,personal_onedrive,prinya_mju_ac_th,1,37,2026-07-20T13:49:13.092364+07:00
https://maejo365-my.sharepoint.com/:b:/g/personal/prinya_mju_ac_th/IQBJjFKPU7AjTYOZ-oVrVG3YAU0zwDfYUgoD2rAVN-M43ek,https://maejo365-my.sharepoint.com/:b:/g/personal/prinya_mju_ac_th/IQBJjFKPU7AjTYOZ-oVrVG3YAU0zwDfYUgoD2rAVN-M43ek?e=ZOelCN,ACCESS_DENIED,403,yes,microsoft_sharepoint,maejo365-my.sharepoint.com,no,personal_onedrive,prinya_mju_ac_th,1,49,2026-07-20T13:49:13.092364+07:00
https://maejo365-my.sharepoint.com/:b:/g/personal/prinya_mju_ac_th/IQBKXnnuV01OR41c6vAamPXrATW141dVbEih8tuQP725MEo,https://maejo365-my.sharepoint.com/:b:/g/personal/prinya_mju_ac_th/IQBKXnnuV01OR41c6vAamPXrATW141dVbEih8tuQP725MEo?e=PQUIKv,AUTHENTICATED_REACHABLE,200,likely_yes,microsoft_sharepoint,maejo365-my.sharepoint.com,no,personal_onedrive,prinya_mju_ac_th,2,45,2026-07-20T13:49:13.092364+07:00
https://maejo365-my.sharepoint.com/:b:/g/personal/prinya_mju_ac_th/IQBKXnnuV01OR41c6vAamPXrATW141dVbEih8tuQP725MEo,https://maejo365-my.sharepoint.com/:b:/g/personal/prinya_mju_ac_th/IQBKXnnuV01OR41c6vAamPXrATW141dVbEih8tuQP725MEo?e=geHfKh,AUTHENTICATED_REACHABLE,200,likely_yes,microsoft_sharepoint,maejo365-my.sharepoint.com,no,personal_onedrive,prinya_mju_ac_th,2,45,2026-07-20T13:49:13.092364+07:00
https://maejo365-my.sharepoint.com/:b:/g/personal/prinya_mju_ac_th/IQBL9UtCfFOfRIkUXd9Erl6vASwgsfzRM3Ub16eITp2ziEU,https://maejo365-my.sharepoint.com/:b:/g/personal/prinya_mju_ac_th/IQBL9UtCfFOfRIkUXd9Erl6vASwgsfzRM3Ub16eITp2ziEU?e=1bZE6a,ACCESS_DENIED,403,yes,microsoft_sharepoint,maejo365-my.sharepoint.com,no,personal_onedrive,prinya_mju_ac_th,1,54,2026-07-20T13:49:13.092364+07:00
https://maejo365-my.sharepoint.com/:b:/g/personal/prinya_mju_ac_th/IQBLyMgFZ9l2R6xq3G47ObaLAcKTeYdF-DqMfqYOMpWPsFs,https://maejo365-my.sharepoint.com/:b:/g/personal/prinya_mju_ac_th/IQBLyMgFZ9l2R6xq3G47ObaLAcKTeYdF-DqMfqYOMpWPsFs?e=M1cw3O,ACCESS_DENIED,403,yes,microsoft_sharepoint,maejo365-my.sharepoint.com,no,personal_onedrive,prinya_mju_ac_th,1,53,2026-07-20T13:49:13.092364+07:00
https://maejo365-my.sharepoint.com/:b:/g/personal/prinya_mju_ac_th/IQBMuFEWuvdcTI2yC7mhlKKNAcwWK5coEJwT-LEKdTdr1Ks,https://maejo365-my.sharepoint.com/:b:/g/personal/prinya_mju_ac_th/IQBMuFEWuvdcTI2yC7mhlKKNAcwWK5coEJwT-LEKdTdr1Ks?e=POuKSG,ACCESS_DENIED,403,yes,microsoft_sharepoint,maejo365-my.sharepoint.com,no,personal_onedrive,prinya_mju_ac_th,1,49,2026-07-20T13:49:13.092364+07:00
https://maejo365-my.sharepoint.com/:b:/g/personal/prinya_mju_ac_th/IQBOZFgcmNhEQaxiMYdwFL92AZH89HEKIdYmBz9SYcQxS48,https://maejo365-my.sharepoint.com/:b:/g/personal/prinya_mju_ac_th/IQBOZFgcmNhEQaxiMYdwFL92AZH89HEKIdYmBz9SYcQxS48?e=N8IWZk,ACCESS_DENIED,403,yes,microsoft_sharepoint,maejo365-my.sharepoint.com,no,personal_onedrive,prinya_mju_ac_th,1,54,2026-07-20T13:49:13.092364+07:00
https://maejo365-my.sharepoint.com/:b:/g/personal/prinya_mju_ac_th/IQBR4F9j42hATZzdYm2m0YlqAfm5Rg9GHN1jUEvh-u_L11Y,https://maejo365-my.sharepoint.com/:b:/g/personal/prinya_mju_ac_th/IQBR4F9j42hATZzdYm2m0YlqAfm5Rg9GHN1jUEvh-u_L11Y?e=ZWBkDw,ACCESS_DENIED,403,yes,microsoft_sharepoint,maejo365-my.sharepoint.com,no,personal_onedrive,prinya_mju_ac_th,1,55,2026-07-20T13:49:13.092364+07:00
https://maejo365-my.sharepoint.com/:b:/g/personal/prinya_mju_ac_th/IQBSJrLdLXhxT5JOjuTTBepFAd3pljg7sAoVowX0wj4YXlg,https://maejo365-my.sharepoint.com/:b:/g/personal/prinya_mju_ac_th/IQBSJrLdLXhxT5JOjuTTBepFAd3pljg7sAoVowX0wj4YXlg?e=x21Esc,ACCESS_DENIED,403,yes,microsoft_sharepoint,maejo365-my.sharepoint.com,no,personal_onedrive,prinya_mju_ac_th,1,55,2026-07-20T13:49:13.092364+07:00
https://maejo365-my.sharepoint.com/:b:/g/personal/prinya_mju_ac_th/IQBZsx1N_x_qTZYrWDD_B37yAb6G5wMxGkZQdAtJaWIbkhk,https://maejo365-my.sharepoint.com/:b:/g/personal/prinya_mju_ac_th/IQBZsx1N_x_qTZYrWDD_B37yAb6G5wMxGkZQdAtJaWIbkhk?e=dwwBOK,ACCESS_DENIED,403,yes,microsoft_sharepoint,maejo365-my.sharepoint.com,no,personal_onedrive,prinya_mju_ac_th,1,43,2026-07-20T13:49:13.092364+07:00
https://maejo365-my.sharepoint.com/:b:/g/personal/prinya_mju_ac_th/IQBaEWYkHHTTTpfX_P935kl6AbfTDYUC3gnN6PC2HYnAK3k,https://maejo365-my.sharepoint.com/:b:/g/personal/prinya_mju_ac_th/IQBaEWYkHHTTTpfX_P935kl6AbfTDYUC3gnN6PC2HYnAK3k?e=eqdjzw,ACCESS_DENIED,403,yes,microsoft_sharepoint,maejo365-my.sharepoint.com,no,personal_onedrive,prinya_mju_ac_th,1,55,2026-07-20T13:49:13.092364+07:00
https://maejo365-my.sharepoint.com/:b:/g/personal/prinya_mju_ac_th/IQBbBnaYUbzlT7W4J7hhJJmbAZjgdaJra-v104W4VWR0aqM,https://maejo365-my.sharepoint.com/:b:/g/personal/prinya_mju_ac_th/IQBbBnaYUbzlT7W4J7hhJJmbAZjgdaJra-v104W4VWR0aqM?e=vw4VFa,ACCESS_DENIED,403,yes,microsoft_sharepoint,maejo365-my.sharepoint.com,no,personal_onedrive,prinya_mju_ac_th,1,51,2026-07-20T13:49:13.092364+07:00
https://maejo365-my.sharepoint.com/:b:/g/personal/prinya_mju_ac_th/IQBnDcvGtceLQ4-DDCNBLjteAc5GM5wih4Y_k45B1nsL338,https://maejo365-my.sharepoint.com/:b:/g/personal/prinya_mju_ac_th/IQBnDcvGtceLQ4-DDCNBLjteAc5GM5wih4Y_k45B1nsL338?e=XhsoP2,ACCESS_DENIED,403,yes,microsoft_sharepoint,maejo365-my.sharepoint.com,no,personal_onedrive,prinya_mju_ac_th,1,35,2026-07-20T13:49:13.092364+07:00
https://maejo365-my.sharepoint.com/:b:/g/personal/prinya_mju_ac_th/IQBqUGjx_JIfTJrMSVGMrOeuARNFFnhZ4cT11_Kv9ibzjHA,https://maejo365-my.sharepoint.com/:b:/g/personal/prinya_mju_ac_th/IQBqUGjx_JIfTJrMSVGMrOeuARNFFnhZ4cT11_Kv9ibzjHA?e=IYM4qK,ACCESS_DENIED,403,yes,microsoft_sharepoint,maejo365-my.sharepoint.com,no,personal_onedrive,prinya_mju_ac_th,2,45,2026-07-20T13:49:13.092364+07:00
https://maejo365-my.sharepoint.com/:b:/g/personal/prinya_mju_ac_th/IQBqUGjx_JIfTJrMSVGMrOeuARNFFnhZ4cT11_Kv9ibzjHA,https://maejo365-my.sharepoint.com/:b:/g/personal/prinya_mju_ac_th/IQBqUGjx_JIfTJrMSVGMrOeuARNFFnhZ4cT11_Kv9ibzjHA?e=nSVCea,ACCESS_DENIED,403,yes,microsoft_sharepoint,maejo365-my.sharepoint.com,no,personal_onedrive,prinya_mju_ac_th,2,45,2026-07-20T13:49:13.092364+07:00
https://maejo365-my.sharepoint.com/:b:/g/personal/prinya_mju_ac_th/IQBsovJYQs-MS6lF6gShrm0FAfHS1cjp5qpudNy638RvhDw,https://maejo365-my.sharepoint.com/:b:/g/personal/prinya_mju_ac_th/IQBsovJYQs-MS6lF6gShrm0FAfHS1cjp5qpudNy638RvhDw?e=SDrfZb,ACCESS_DENIED,403,yes,microsoft_sharepoint,maejo365-my.sharepoint.com,no,personal_onedrive,prinya_mju_ac_th,2,39,2026-07-20T13:49:13.092364+07:00
https://maejo365-my.sharepoint.com/:b:/g/personal/prinya_mju_ac_th/IQBsovJYQs-MS6lF6gShrm0FAfHS1cjp5qpudNy638RvhDw,https://maejo365-my.sharepoint.com/:b:/g/personal/prinya_mju_ac_th/IQBsovJYQs-MS6lF6gShrm0FAfHS1cjp5qpudNy638RvhDw?e=XcddDm,ACCESS_DENIED,403,yes,microsoft_sharepoint,maejo365-my.sharepoint.com,no,personal_onedrive,prinya_mju_ac_th,2,39,2026-07-20T13:49:13.092364+07:00
https://maejo365-my.sharepoint.com/:b:/g/personal/prinya_mju_ac_th/IQBzUqgnIy0bR4bhxynMCkw3AaJ_NJHSlkUuhj_qU2SqP08,https://maejo365-my.sharepoint.com/:b:/g/personal/prinya_mju_ac_th/IQBzUqgnIy0bR4bhxynMCkw3AaJ_NJHSlkUuhj_qU2SqP08?e=4i43rR,ACCESS_DENIED,403,yes,microsoft_sharepoint,maejo365-my.sharepoint.com,no,personal_onedrive,prinya_mju_ac_th,1,30,2026-07-20T13:49:13.092364+07:00
https://maejo365-my.sharepoint.com/:b:/g/personal/prinya_mju_ac_th/IQBzhX99A4zIQ7ZDwSij2bB1AaxPEp9t1VVfc21ReIdREtY,https://maejo365-my.sharepoint.com/:b:/g/personal/prinya_mju_ac_th/IQBzhX99A4zIQ7ZDwSij2bB1AaxPEp9t1VVfc21ReIdREtY?e=EuEbaf,ACCESS_DENIED,403,yes,microsoft_sharepoint,maejo365-my.sharepoint.com,no,personal_onedrive,prinya_mju_ac_th,1,45,2026-07-20T13:49:13.092364+07:00
https://maejo365-my.sharepoint.com/:b:/g/personal/prinya_mju_ac_th/IQC1VjN2SmiKSpM47bDlzlpYAT9unmvj02hyNITeZi0iQT4,https://maejo365-my.sharepoint.com/:b:/g/personal/prinya_mju_ac_th/IQC1VjN2SmiKSpM47bDlzlpYAT9unmvj02hyNITeZi0iQT4?e=tlrKHL,ACCESS_DENIED,403,yes,microsoft_sharepoint,maejo365-my.sharepoint.com,no,personal_onedrive,prinya_mju_ac_th,1,52,2026-07-20T13:49:13.092364+07:00
https://maejo365-my.sharepoint.com/:b:/g/personal/prinya_mju_ac_th/IQC4RtE-sdJ3S5lTho_5K7LZAXPOPkrh0DaYiJjvTpla_Vc,https://maejo365-my.sharepoint.com/:b:/g/personal/prinya_mju_ac_th/IQC4RtE-sdJ3S5lTho_5K7LZAXPOPkrh0DaYiJjvTpla_Vc?e=1IwmdT,AUTHENTICATED_REACHABLE,200,likely_yes,microsoft_sharepoint,maejo365-my.sharepoint.com,no,personal_onedrive,prinya_mju_ac_th,1,33,2026-07-20T13:49:13.092364+07:00
https://maejo365-my.sharepoint.com/:b:/g/personal/prinya_mju_ac_th/IQC6DZf4MnnfS7F8wf4_ITxZAfVvHKTBy2jUksZiLnZzXFU,https://maejo365-my.sharepoint.com/:b:/g/personal/prinya_mju_ac_th/IQC6DZf4MnnfS7F8wf4_ITxZAfVvHKTBy2jUksZiLnZzXFU?e=9ggzU6,ACCESS_DENIED,403,yes,microsoft_sharepoint,maejo365-my.sharepoint.com,no,personal_onedrive,prinya_mju_ac_th,1,55,2026-07-20T13:49:13.092364+07:00
https://maejo365-my.sharepoint.com/:b:/g/personal/prinya_mju_ac_th/IQC6RKpsJyiXSI_DOjD_voQeAaqqlM3KiGSNWLP8AxZBtnw,https://maejo365-my.sharepoint.com/:b:/g/personal/prinya_mju_ac_th/IQC6RKpsJyiXSI_DOjD_voQeAaqqlM3KiGSNWLP8AxZBtnw?e=SoUo1b,ACCESS_DENIED,403,yes,microsoft_sharepoint,maejo365-my.sharepoint.com,no,personal_onedrive,prinya_mju_ac_th,1,35,2026-07-20T13:49:13.092364+07:00
https://maejo365-my.sharepoint.com/:b:/g/personal/prinya_mju_ac_th/IQC8vbg-VrrEQqFsfZkBOXEcATXmUfG7BHyd0bbLNSAR3Ps,https://maejo365-my.sharepoint.com/:b:/g/personal/prinya_mju_ac_th/IQC8vbg-VrrEQqFsfZkBOXEcATXmUfG7BHyd0bbLNSAR3Ps?e=x5o7BE,ACCESS_DENIED,403,yes,microsoft_sharepoint,maejo365-my.sharepoint.com,no,personal_onedrive,prinya_mju_ac_th,2,36,2026-07-20T13:49:13.092364+07:00
https://maejo365-my.sharepoint.com/:b:/g/personal/prinya_mju_ac_th/IQC90BTv-312RaHCwVPM20qRAc9Y2OI1ssoEy9mNs1KEUWQ,https://maejo365-my.sharepoint.com/:b:/g/personal/prinya_mju_ac_th/IQC90BTv-312RaHCwVPM20qRAc9Y2OI1ssoEy9mNs1KEUWQ?e=mOV72F,ACCESS_DENIED,403,yes,microsoft_sharepoint,maejo365-my.sharepoint.com,no,personal_onedrive,prinya_mju_ac_th,1,54,2026-07-20T13:49:13.092364+07:00
https://maejo365-my.sharepoint.com/:b:/g/personal/prinya_mju_ac_th/IQCA8FNqsA3VTp7Yao-2ynkhAYhIPcQVureMkRFms6j_LjU,https://maejo365-my.sharepoint.com/:b:/g/personal/prinya_mju_ac_th/IQCA8FNqsA3VTp7Yao-2ynkhAYhIPcQVureMkRFms6j_LjU?e=dk2Ibk,ACCESS_DENIED,403,yes,microsoft_sharepoint,maejo365-my.sharepoint.com,no,personal_onedrive,prinya_mju_ac_th,1,32,2026-07-20T13:49:13.092364+07:00
https://maejo365-my.sharepoint.com/:b:/g/personal/prinya_mju_ac_th/IQCCNm4xkOOoR5n4JWdgq5zIAWl9bzgITKr3vc3I7KEaMkM,https://maejo365-my.sharepoint.com/:b:/g/personal/prinya_mju_ac_th/IQCCNm4xkOOoR5n4JWdgq5zIAWl9bzgITKr3vc3I7KEaMkM?e=dN5RQb,ACCESS_DENIED,403,yes,microsoft_sharepoint,maejo365-my.sharepoint.com,no,personal_onedrive,prinya_mju_ac_th,1,43,2026-07-20T13:49:13.092364+07:00
https://maejo365-my.sharepoint.com/:b:/g/personal/prinya_mju_ac_th/IQCFTwbSPA_xTquyVcbjBp9bAaEOOnOmbiXR96CMTdgRZnk,https://maejo365-my.sharepoint.com/:b:/g/personal/prinya_mju_ac_th/IQCFTwbSPA_xTquyVcbjBp9bAaEOOnOmbiXR96CMTdgRZnk?e=8QRb1e,ACCESS_DENIED,403,yes,microsoft_sharepoint,maejo365-my.sharepoint.com,no,personal_onedrive,prinya_mju_ac_th,2,44,2026-07-20T13:49:13.092364+07:00
https://maejo365-my.sharepoint.com/:b:/g/personal/prinya_mju_ac_th/IQCIE3GYbDQrRrTZS7FJodBeAWM2HEln-xIMlsC8HOc1kwA,https://maejo365-my.sharepoint.com/:b:/g/personal/prinya_mju_ac_th/IQCIE3GYbDQrRrTZS7FJodBeAWM2HEln-xIMlsC8HOc1kwA?e=geg2A8,ACCESS_DENIED,403,yes,microsoft_sharepoint,maejo365-my.sharepoint.com,no,personal_onedrive,prinya_mju_ac_th,1,55,2026-07-20T13:49:13.092364+07:00
https://maejo365-my.sharepoint.com/:b:/g/personal/prinya_mju_ac_th/IQCKFpN0rG0EQoOzBukD6sYrAbFSXX8SIgUE0guNXZ8MisM,https://maejo365-my.sharepoint.com/:b:/g/personal/prinya_mju_ac_th/IQCKFpN0rG0EQoOzBukD6sYrAbFSXX8SIgUE0guNXZ8MisM?e=7wKLTg,ACCESS_DENIED,403,yes,microsoft_sharepoint,maejo365-my.sharepoint.com,no,personal_onedrive,prinya_mju_ac_th,1,52,2026-07-20T13:49:13.092364+07:00
https://maejo365-my.sharepoint.com/:b:/g/personal/prinya_mju_ac_th/IQCKX3IaA9YLSKP3Itizabt0AXe_Bv7CPGWlWeEa5fYE6Ww,https://maejo365-my.sharepoint.com/:b:/g/personal/prinya_mju_ac_th/IQCKX3IaA9YLSKP3Itizabt0AXe_Bv7CPGWlWeEa5fYE6Ww?e=30GcMd,AUTHENTICATED_REACHABLE,200,likely_yes,microsoft_sharepoint,maejo365-my.sharepoint.com,no,personal_onedrive,prinya_mju_ac_th,1,35,2026-07-20T13:49:13.092364+07:00
https://maejo365-my.sharepoint.com/:b:/g/personal/prinya_mju_ac_th/IQCLFwLjA8XMSr491rZMLvFXAQ4QIBFKJxXwzSfSGJKmH5c,https://maejo365-my.sharepoint.com/:b:/g/personal/prinya_mju_ac_th/IQCLFwLjA8XMSr491rZMLvFXAQ4QIBFKJxXwzSfSGJKmH5c?e=TL6or3,ACCESS_DENIED,403,yes,microsoft_sharepoint,maejo365-my.sharepoint.com,no,personal_onedrive,prinya_mju_ac_th,2,44,2026-07-20T13:49:13.092364+07:00
https://maejo365-my.sharepoint.com/:b:/g/personal/prinya_mju_ac_th/IQCLFwLjA8XMSr491rZMLvFXAQ4QIBFKJxXwzSfSGJKmH5c,https://maejo365-my.sharepoint.com/:b:/g/personal/prinya_mju_ac_th/IQCLFwLjA8XMSr491rZMLvFXAQ4QIBFKJxXwzSfSGJKmH5c?e=k6C8uN,ACCESS_DENIED,403,yes,microsoft_sharepoint,maejo365-my.sharepoint.com,no,personal_onedrive,prinya_mju_ac_th,2,44,2026-07-20T13:49:13.092364+07:00
https://maejo365-my.sharepoint.com/:b:/g/personal/prinya_mju_ac_th/IQCOtDGRe7iNRphHDapltRvYAfSGf5T54l6oCXlQnxtnT4Q,https://maejo365-my.sharepoint.com/:b:/g/personal/prinya_mju_ac_th/IQCOtDGRe7iNRphHDapltRvYAfSGf5T54l6oCXlQnxtnT4Q?e=qAmldq,ACCESS_DENIED,403,yes,microsoft_sharepoint,maejo365-my.sharepoint.com,no,personal_onedrive,prinya_mju_ac_th,1,53,2026-07-20T13:49:13.092364+07:00
https://maejo365-my.sharepoint.com/:b:/g/personal/prinya_mju_ac_th/IQCQfuIs0JN0QLGA4A9oOm3JAS89bajOFPfbI67hWgsBT-o,https://maejo365-my.sharepoint.com/:b:/g/personal/prinya_mju_ac_th/IQCQfuIs0JN0QLGA4A9oOm3JAS89bajOFPfbI67hWgsBT-o?e=6b9BCX,ACCESS_DENIED,403,yes,microsoft_sharepoint,maejo365-my.sharepoint.com,no,personal_onedrive,prinya_mju_ac_th,1,55,2026-07-20T13:49:13.092364+07:00
https://maejo365-my.sharepoint.com/:b:/g/personal/prinya_mju_ac_th/IQCTS9JC5u9ET4uEdOjFH3R_AbykRElj2a-nU5BQTV9qjTk,https://maejo365-my.sharepoint.com/:b:/g/personal/prinya_mju_ac_th/IQCTS9JC5u9ET4uEdOjFH3R_AbykRElj2a-nU5BQTV9qjTk?e=NsujPa,ACCESS_DENIED,403,yes,microsoft_sharepoint,maejo365-my.sharepoint.com,no,personal_onedrive,prinya_mju_ac_th,2,45,2026-07-20T13:49:13.092364+07:00
https://maejo365-my.sharepoint.com/:b:/g/personal/prinya_mju_ac_th/IQCTS9JC5u9ET4uEdOjFH3R_AbykRElj2a-nU5BQTV9qjTk,https://maejo365-my.sharepoint.com/:b:/g/personal/prinya_mju_ac_th/IQCTS9JC5u9ET4uEdOjFH3R_AbykRElj2a-nU5BQTV9qjTk?e=clkrfh,ACCESS_DENIED,403,yes,microsoft_sharepoint,maejo365-my.sharepoint.com,no,personal_onedrive,prinya_mju_ac_th,2,45,2026-07-20T13:49:13.092364+07:00
https://maejo365-my.sharepoint.com/:b:/g/personal/prinya_mju_ac_th/IQCUOvRsII7ETpIC1LoRMaCQAUVI3R8SPHd3DGHnyLLXR4c,https://maejo365-my.sharepoint.com/:b:/g/personal/prinya_mju_ac_th/IQCUOvRsII7ETpIC1LoRMaCQAUVI3R8SPHd3DGHnyLLXR4c?e=tRq6Pp,ACCESS_DENIED,403,yes,microsoft_sharepoint,maejo365-my.sharepoint.com,no,personal_onedrive,prinya_mju_ac_th,1,53,2026-07-20T13:49:13.092364+07:00
https://maejo365-my.sharepoint.com/:b:/g/personal/prinya_mju_ac_th/IQCVF6fP7mW5SY7Rx5FZo8qHAaByk_WiClgpyuz5eSC4gcA,https://maejo365-my.sharepoint.com/:b:/g/personal/prinya_mju_ac_th/IQCVF6fP7mW5SY7Rx5FZo8qHAaByk_WiClgpyuz5eSC4gcA?e=09xtrT,ACCESS_DENIED,403,yes,microsoft_sharepoint,maejo365-my.sharepoint.com,no,personal_onedrive,prinya_mju_ac_th,1,55,2026-07-20T13:49:13.092364+07:00
https://maejo365-my.sharepoint.com/:b:/g/personal/prinya_mju_ac_th/IQCW_f9bsU7gRa8jZ-Z9tNHLAQm0JyyAor9kvRQYp6p7abU,https://maejo365-my.sharepoint.com/:b:/g/personal/prinya_mju_ac_th/IQCW_f9bsU7gRa8jZ-Z9tNHLAQm0JyyAor9kvRQYp6p7abU?e=aflsO4,ACCESS_DENIED,403,yes,microsoft_sharepoint,maejo365-my.sharepoint.com,no,personal_onedrive,prinya_mju_ac_th,1,35,2026-07-20T13:49:13.092364+07:00
https://maejo365-my.sharepoint.com/:b:/g/personal/prinya_mju_ac_th/IQCaCdANezmBSKV1WchvZCNDAYEAOkg0ttCfgpJVurFIupQ,https://maejo365-my.sharepoint.com/:b:/g/personal/prinya_mju_ac_th/IQCaCdANezmBSKV1WchvZCNDAYEAOkg0ttCfgpJVurFIupQ?e=nv5hYD,AUTHENTICATED_REACHABLE,200,likely_yes,microsoft_sharepoint,maejo365-my.sharepoint.com,no,personal_onedrive,prinya_mju_ac_th,1,56,2026-07-20T13:49:13.092364+07:00
https://maejo365-my.sharepoint.com/:b:/g/personal/prinya_mju_ac_th/IQCeZ4j-d5CZQKmd4PkrDjEjAX45iGZNRdxZfYBv-31Nklw,https://maejo365-my.sharepoint.com/:b:/g/personal/prinya_mju_ac_th/IQCeZ4j-d5CZQKmd4PkrDjEjAX45iGZNRdxZfYBv-31Nklw?e=HsFbfr,ACCESS_DENIED,403,yes,microsoft_sharepoint,maejo365-my.sharepoint.com,no,personal_onedrive,prinya_mju_ac_th,1,35,2026-07-20T13:49:13.092364+07:00
https://maejo365-my.sharepoint.com/:b:/g/personal/prinya_mju_ac_th/IQCiFsghTHAXRqyFPKs1YR6ZAZTZfQjbkxyThTalLJySJ7E,https://maejo365-my.sharepoint.com/:b:/g/personal/prinya_mju_ac_th/IQCiFsghTHAXRqyFPKs1YR6ZAZTZfQjbkxyThTalLJySJ7E?e=CDMDQq,ACCESS_DENIED,403,yes,microsoft_sharepoint,maejo365-my.sharepoint.com,no,personal_onedrive,prinya_mju_ac_th,1,44,2026-07-20T13:49:13.092364+07:00
https://maejo365-my.sharepoint.com/:b:/g/personal/prinya_mju_ac_th/IQCjAOcIrTVoSY8zdgqQJSB5AR884SGk-5-WlTVPEsoDk-s,https://maejo365-my.sharepoint.com/:b:/g/personal/prinya_mju_ac_th/IQCjAOcIrTVoSY8zdgqQJSB5AR884SGk-5-WlTVPEsoDk-s?e=6alT85,ACCESS_DENIED,403,yes,microsoft_sharepoint,maejo365-my.sharepoint.com,no,personal_onedrive,prinya_mju_ac_th,2,39,2026-07-20T13:49:13.092364+07:00
https://maejo365-my.sharepoint.com/:b:/g/personal/prinya_mju_ac_th/IQCjAOcIrTVoSY8zdgqQJSB5AR884SGk-5-WlTVPEsoDk-s,https://maejo365-my.sharepoint.com/:b:/g/personal/prinya_mju_ac_th/IQCjAOcIrTVoSY8zdgqQJSB5AR884SGk-5-WlTVPEsoDk-s?e=LVtOyV,ACCESS_DENIED,403,yes,microsoft_sharepoint,maejo365-my.sharepoint.com,no,personal_onedrive,prinya_mju_ac_th,2,39,2026-07-20T13:49:13.092364+07:00
https://maejo365-my.sharepoint.com/:b:/g/personal/prinya_mju_ac_th/IQCkJo5Yc5QDTL4eRhUI5cEnAbG-L1L-fHHI8QOUwc1qYVA,https://maejo365-my.sharepoint.com/:b:/g/personal/prinya_mju_ac_th/IQCkJo5Yc5QDTL4eRhUI5cEnAbG-L1L-fHHI8QOUwc1qYVA?e=8Nn6cI,ACCESS_DENIED,403,yes,microsoft_sharepoint,maejo365-my.sharepoint.com,no,personal_onedrive,prinya_mju_ac_th,3,53,2026-07-20T13:49:13.092364+07:00
https://maejo365-my.sharepoint.com/:b:/g/personal/prinya_mju_ac_th/IQCmQSDlMaw8TK4lsNrf2NczAdNDBdvYYLdLMXeRpUSD8Ag,https://maejo365-my.sharepoint.com/:b:/g/personal/prinya_mju_ac_th/IQCmQSDlMaw8TK4lsNrf2NczAdNDBdvYYLdLMXeRpUSD8Ag?e=ww58Rk,ACCESS_DENIED,403,yes,microsoft_sharepoint,maejo365-my.sharepoint.com,no,personal_onedrive,prinya_mju_ac_th,1,53,2026-07-20T13:49:13.092364+07:00
https://maejo365-my.sharepoint.com/:b:/g/personal/prinya_mju_ac_th/IQCmZBIN7dtKR6aQax6rMyj6AfthIQTUW8em7V5m2DBlrkI,https://maejo365-my.sharepoint.com/:b:/g/personal/prinya_mju_ac_th/IQCmZBIN7dtKR6aQax6rMyj6AfthIQTUW8em7V5m2DBlrkI?e=SriSqP,ACCESS_DENIED,403,yes,microsoft_sharepoint,maejo365-my.sharepoint.com,no,personal_onedrive,prinya_mju_ac_th,1,55,2026-07-20T13:49:13.092364+07:00
https://maejo365-my.sharepoint.com/:b:/g/personal/prinya_mju_ac_th/IQCo1Ls9MkuNSI0yScB3Rbz3AUWDkcb8xD6qUxPMu2syl98,https://maejo365-my.sharepoint.com/:b:/g/personal/prinya_mju_ac_th/IQCo1Ls9MkuNSI0yScB3Rbz3AUWDkcb8xD6qUxPMu2syl98?e=V7OdG7,AUTHENTICATED_REACHABLE,200,likely_yes,microsoft_sharepoint,maejo365-my.sharepoint.com,no,personal_onedrive,prinya_mju_ac_th,2,45,2026-07-20T13:49:13.092364+07:00
https://maejo365-my.sharepoint.com/:b:/g/personal/prinya_mju_ac_th/IQCo1Ls9MkuNSI0yScB3Rbz3AUWDkcb8xD6qUxPMu2syl98,https://maejo365-my.sharepoint.com/:b:/g/personal/prinya_mju_ac_th/IQCo1Ls9MkuNSI0yScB3Rbz3AUWDkcb8xD6qUxPMu2syl98?e=oWegYT,AUTHENTICATED_REACHABLE,200,likely_yes,microsoft_sharepoint,maejo365-my.sharepoint.com,no,personal_onedrive,prinya_mju_ac_th,2,45,2026-07-20T13:49:13.092364+07:00
https://maejo365-my.sharepoint.com/:b:/g/personal/prinya_mju_ac_th/IQCpAe4DIB1AT5UdXdQLzuLNAZGRFcJc9fExE9ERJQ4DtGA,https://maejo365-my.sharepoint.com/:b:/g/personal/prinya_mju_ac_th/IQCpAe4DIB1AT5UdXdQLzuLNAZGRFcJc9fExE9ERJQ4DtGA?e=UgxooM,ACCESS_DENIED,403,yes,microsoft_sharepoint,maejo365-my.sharepoint.com,no,personal_onedrive,prinya_mju_ac_th,1,52,2026-07-20T13:49:13.092364+07:00
https://maejo365-my.sharepoint.com/:b:/g/personal/prinya_mju_ac_th/IQCqdbAL87TaQK0ChXBiz5Z4AUed5RWcjdfgYGFsi31c-wg,https://maejo365-my.sharepoint.com/:b:/g/personal/prinya_mju_ac_th/IQCqdbAL87TaQK0ChXBiz5Z4AUed5RWcjdfgYGFsi31c-wg?e=PNybHb,ACCESS_DENIED,403,yes,microsoft_sharepoint,maejo365-my.sharepoint.com,no,personal_onedrive,prinya_mju_ac_th,1,35,2026-07-20T13:49:13.092364+07:00
https://maejo365-my.sharepoint.com/:b:/g/personal/prinya_mju_ac_th/IQCrABhd9KJVRb7VDSYFHkSSARu_kPPHSfdJa79lFAPiVJc,https://maejo365-my.sharepoint.com/:b:/g/personal/prinya_mju_ac_th/IQCrABhd9KJVRb7VDSYFHkSSARu_kPPHSfdJa79lFAPiVJc?e=lApdfb,ACCESS_DENIED,403,yes,microsoft_sharepoint,maejo365-my.sharepoint.com,no,personal_onedrive,prinya_mju_ac_th,1,36,2026-07-20T13:49:13.092364+07:00
https://maejo365-my.sharepoint.com/:b:/g/personal/prinya_mju_ac_th/IQCwWmFQf33gQpx_Vpd0veWYARR14juQskzU-DOVASwhNdM,https://maejo365-my.sharepoint.com/:b:/g/personal/prinya_mju_ac_th/IQCwWmFQf33gQpx_Vpd0veWYARR14juQskzU-DOVASwhNdM?e=DXardm,ACCESS_DENIED,403,yes,microsoft_sharepoint,maejo365-my.sharepoint.com,no,personal_onedrive,prinya_mju_ac_th,1,53,2026-07-20T13:49:13.092364+07:00
https://maejo365-my.sharepoint.com/:b:/g/personal/prinya_mju_ac_th/IQCzgP0DnOsbT5d6S3B7_PXCARRMHCAarotc-O-IcdvBKDY,https://maejo365-my.sharepoint.com/:b:/g/personal/prinya_mju_ac_th/IQCzgP0DnOsbT5d6S3B7_PXCARRMHCAarotc-O-IcdvBKDY?e=VEBteb,ACCESS_DENIED,403,yes,microsoft_sharepoint,maejo365-my.sharepoint.com,no,personal_onedrive,prinya_mju_ac_th,1,52,2026-07-20T13:49:13.092364+07:00
https://maejo365-my.sharepoint.com/:b:/g/personal/prinya_mju_ac_th/IQD-H6wzztesS6NAJAtzchbAAdDnAvXh7r23D2OGuORF6SY,https://maejo365-my.sharepoint.com/:b:/g/personal/prinya_mju_ac_th/IQD-H6wzztesS6NAJAtzchbAAdDnAvXh7r23D2OGuORF6SY?e=IlciJK,ACCESS_DENIED,403,yes,microsoft_sharepoint,maejo365-my.sharepoint.com,no,personal_onedrive,prinya_mju_ac_th,1,54,2026-07-20T13:49:13.092364+07:00
https://maejo365-my.sharepoint.com/:b:/g/personal/prinya_mju_ac_th/IQD097NPn2l0RqrRGP-1D6xAAclVYVd-MYrEQfIjjsankGI,https://maejo365-my.sharepoint.com/:b:/g/personal/prinya_mju_ac_th/IQD097NPn2l0RqrRGP-1D6xAAclVYVd-MYrEQfIjjsankGI?e=mvh8Y8,AUTHENTICATED_REACHABLE,200,likely_yes,microsoft_sharepoint,maejo365-my.sharepoint.com,no,personal_onedrive,prinya_mju_ac_th,1,41,2026-07-20T13:49:13.092364+07:00
https://maejo365-my.sharepoint.com/:b:/g/personal/prinya_mju_ac_th/IQD0Dc8_a9MvQbO6KFs_pYVWAde-OedrAP8ogLEJOT6DusI,https://maejo365-my.sharepoint.com/:b:/g/personal/prinya_mju_ac_th/IQD0Dc8_a9MvQbO6KFs_pYVWAde-OedrAP8ogLEJOT6DusI?e=33Nf5E,AUTHENTICATED_REACHABLE,200,likely_yes,microsoft_sharepoint,maejo365-my.sharepoint.com,no,personal_onedrive,prinya_mju_ac_th,1,57,2026-07-20T13:49:13.092364+07:00
https://maejo365-my.sharepoint.com/:b:/g/personal/prinya_mju_ac_th/IQD0Ds-TUk-3S7EljZ71zE9BAXRfKW_LFaLuDEUMSMAjL8Q,https://maejo365-my.sharepoint.com/:b:/g/personal/prinya_mju_ac_th/IQD0Ds-TUk-3S7EljZ71zE9BAXRfKW_LFaLuDEUMSMAjL8Q?e=j4XSuc,ACCESS_DENIED,403,yes,microsoft_sharepoint,maejo365-my.sharepoint.com,no,personal_onedrive,prinya_mju_ac_th,1,43,2026-07-20T13:49:13.092364+07:00
https://maejo365-my.sharepoint.com/:b:/g/personal/prinya_mju_ac_th/IQD0WNAKCu6oT7wR3_Hf2fowAZHIj_nxrwypJ7cgCmoJaMk,https://maejo365-my.sharepoint.com/:b:/g/personal/prinya_mju_ac_th/IQD0WNAKCu6oT7wR3_Hf2fowAZHIj_nxrwypJ7cgCmoJaMk?e=lElWRR,ACCESS_DENIED,403,yes,microsoft_sharepoint,maejo365-my.sharepoint.com,no,personal_onedrive,prinya_mju_ac_th,1,53,2026-07-20T13:49:13.092364+07:00
https://maejo365-my.sharepoint.com/:b:/g/personal/prinya_mju_ac_th/IQD2v14GtNldRrH9OsHaj10BAVUvY6einadAvxseNJRXhwI,https://maejo365-my.sharepoint.com/:b:/g/personal/prinya_mju_ac_th/IQD2v14GtNldRrH9OsHaj10BAVUvY6einadAvxseNJRXhwI?e=9c7j9R,ACCESS_DENIED,403,yes,microsoft_sharepoint,maejo365-my.sharepoint.com,no,personal_onedrive,prinya_mju_ac_th,2,49,2026-07-20T13:49:13.092364+07:00
https://maejo365-my.sharepoint.com/:b:/g/personal/prinya_mju_ac_th/IQD2v14GtNldRrH9OsHaj10BAVUvY6einadAvxseNJRXhwI,https://maejo365-my.sharepoint.com/:b:/g/personal/prinya_mju_ac_th/IQD2v14GtNldRrH9OsHaj10BAVUvY6einadAvxseNJRXhwI?e=CJ4H7G,ACCESS_DENIED,403,yes,microsoft_sharepoint,maejo365-my.sharepoint.com,no,personal_onedrive,prinya_mju_ac_th,2,49,2026-07-20T13:49:13.092364+07:00
https://maejo365-my.sharepoint.com/:b:/g/personal/prinya_mju_ac_th/IQD3P2pLpCO8QZqjWzQeQInMAcsWnsMZd_gZ9vSrIwPjFhI,https://maejo365-my.sharepoint.com/:b:/g/personal/prinya_mju_ac_th/IQD3P2pLpCO8QZqjWzQeQInMAcsWnsMZd_gZ9vSrIwPjFhI?e=Io1X3p,ACCESS_DENIED,403,yes,microsoft_sharepoint,maejo365-my.sharepoint.com,no,personal_onedrive,prinya_mju_ac_th,1,49,2026-07-20T13:49:13.092364+07:00
https://maejo365-my.sharepoint.com/:b:/g/personal/prinya_mju_ac_th/IQD3ngtvwEgGSp-LXv7AIkt3ASZm2djoYwtqnLlwe8uXdFM,https://maejo365-my.sharepoint.com/:b:/g/personal/prinya_mju_ac_th/IQD3ngtvwEgGSp-LXv7AIkt3ASZm2djoYwtqnLlwe8uXdFM?e=kGaBry,ACCESS_DENIED,403,yes,microsoft_sharepoint,maejo365-my.sharepoint.com,no,personal_onedrive,prinya_mju_ac_th,1,55,2026-07-20T13:49:13.092364+07:00
https://maejo365-my.sharepoint.com/:b:/g/personal/prinya_mju_ac_th/IQD7Q-1zxvk5SoVdXuYoZK3SATbvoxDZJI1Zq13Ova57zpA,https://maejo365-my.sharepoint.com/:b:/g/personal/prinya_mju_ac_th/IQD7Q-1zxvk5SoVdXuYoZK3SATbvoxDZJI1Zq13Ova57zpA?e=ziIwtL,ACCESS_DENIED,403,yes,microsoft_sharepoint,maejo365-my.sharepoint.com,no,personal_onedrive,prinya_mju_ac_th,1,54,2026-07-20T13:49:13.092364+07:00
https://maejo365-my.sharepoint.com/:b:/g/personal/prinya_mju_ac_th/IQD97U15MVArQ7zZ9U4aRv53AVEz9HGidF4lRJSc5S0I3W8,https://maejo365-my.sharepoint.com/:b:/g/personal/prinya_mju_ac_th/IQD97U15MVArQ7zZ9U4aRv53AVEz9HGidF4lRJSc5S0I3W8?e=BthfkK,ACCESS_DENIED,403,yes,microsoft_sharepoint,maejo365-my.sharepoint.com,no,personal_onedrive,prinya_mju_ac_th,1,54,2026-07-20T13:49:13.092364+07:00
https://maejo365-my.sharepoint.com/:b:/g/personal/prinya_mju_ac_th/IQD9ORVN0jkEQY0VZjD9YCePAagjlT6uJyY_i3EwbiU7J9U,https://maejo365-my.sharepoint.com/:b:/g/personal/prinya_mju_ac_th/IQD9ORVN0jkEQY0VZjD9YCePAagjlT6uJyY_i3EwbiU7J9U?e=7xfTXV,ACCESS_DENIED,403,yes,microsoft_sharepoint,maejo365-my.sharepoint.com,no,personal_onedrive,prinya_mju_ac_th,1,49,2026-07-20T13:49:13.092364+07:00
https://maejo365-my.sharepoint.com/:b:/g/personal/prinya_mju_ac_th/IQDAZKLVUFieR7vJLB-HHAYIAd0ov4Vt0Nt1xNslFpkwrCY,https://maejo365-my.sharepoint.com/:b:/g/personal/prinya_mju_ac_th/IQDAZKLVUFieR7vJLB-HHAYIAd0ov4Vt0Nt1xNslFpkwrCY?e=btWXBa,ACCESS_DENIED,403,yes,microsoft_sharepoint,maejo365-my.sharepoint.com,no,personal_onedrive,prinya_mju_ac_th,1,55,2026-07-20T13:49:13.092364+07:00
https://maejo365-my.sharepoint.com/:b:/g/personal/prinya_mju_ac_th/IQDCokxxtxswToOVwtrGCJ1WAftTidFeM4Kj21eXPlUtJ0c,https://maejo365-my.sharepoint.com/:b:/g/personal/prinya_mju_ac_th/IQDCokxxtxswToOVwtrGCJ1WAftTidFeM4Kj21eXPlUtJ0c?e=IJKi44,ACCESS_DENIED,403,yes,microsoft_sharepoint,maejo365-my.sharepoint.com,no,personal_onedrive,prinya_mju_ac_th,1,49,2026-07-20T13:49:13.092364+07:00
https://maejo365-my.sharepoint.com/:b:/g/personal/prinya_mju_ac_th/IQDDx8lnLO2CRKLtmsIn9wRlAV-aKaQ8iG3QJDo62psWc5E,https://maejo365-my.sharepoint.com/:b:/g/personal/prinya_mju_ac_th/IQDDx8lnLO2CRKLtmsIn9wRlAV-aKaQ8iG3QJDo62psWc5E?e=mV5sEq,ACCESS_DENIED,403,yes,microsoft_sharepoint,maejo365-my.sharepoint.com,no,personal_onedrive,prinya_mju_ac_th,2,44,2026-07-20T13:49:13.092364+07:00
https://maejo365-my.sharepoint.com/:b:/g/personal/prinya_mju_ac_th/IQDFvxCQrCOrRJpF8j8cAR2NAWd54JOMcPOKGBoVdcCzmFw,https://maejo365-my.sharepoint.com/:b:/g/personal/prinya_mju_ac_th/IQDFvxCQrCOrRJpF8j8cAR2NAWd54JOMcPOKGBoVdcCzmFw?e=hRp3WU,ACCESS_DENIED,403,yes,microsoft_sharepoint,maejo365-my.sharepoint.com,no,personal_onedrive,prinya_mju_ac_th,1,52,2026-07-20T13:49:13.092364+07:00
https://maejo365-my.sharepoint.com/:b:/g/personal/prinya_mju_ac_th/IQDG-jRUwPTuRYSv-P8llAoAAR4bma4zko7ie25pWOqbxiI,https://maejo365-my.sharepoint.com/:b:/g/personal/prinya_mju_ac_th/IQDG-jRUwPTuRYSv-P8llAoAAR4bma4zko7ie25pWOqbxiI?e=4Leos8,ACCESS_DENIED,403,yes,microsoft_sharepoint,maejo365-my.sharepoint.com,no,personal_onedrive,prinya_mju_ac_th,1,55,2026-07-20T13:49:13.092364+07:00
https://maejo365-my.sharepoint.com/:b:/g/personal/prinya_mju_ac_th/IQDGKkehnMAqSriqI_ih4ReWAVRxjzYlb8fZrXoWkvy3Dto,https://maejo365-my.sharepoint.com/:b:/g/personal/prinya_mju_ac_th/IQDGKkehnMAqSriqI_ih4ReWAVRxjzYlb8fZrXoWkvy3Dto?e=UpbBzD,ACCESS_DENIED,403,yes,microsoft_sharepoint,maejo365-my.sharepoint.com,no,personal_onedrive,prinya_mju_ac_th,1,55,2026-07-20T13:49:13.092364+07:00
https://maejo365-my.sharepoint.com/:b:/g/personal/prinya_mju_ac_th/IQDHcMHzEkxGQbEY9Mcb1-94AX2vTT58dXsWBMcXRzMNaoQ,https://maejo365-my.sharepoint.com/:b:/g/personal/prinya_mju_ac_th/IQDHcMHzEkxGQbEY9Mcb1-94AX2vTT58dXsWBMcXRzMNaoQ?e=C2lvLY,ACCESS_DENIED,403,yes,microsoft_sharepoint,maejo365-my.sharepoint.com,no,personal_onedrive,prinya_mju_ac_th,1,50,2026-07-20T13:49:13.092364+07:00
https://maejo365-my.sharepoint.com/:b:/g/personal/prinya_mju_ac_th/IQDLF_P7NaHLS6EHBk434hRtAQe_SVlbrKfNDqxjZZZEw_M,https://maejo365-my.sharepoint.com/:b:/g/personal/prinya_mju_ac_th/IQDLF_P7NaHLS6EHBk434hRtAQe_SVlbrKfNDqxjZZZEw_M?e=BKmQpp,ACCESS_DENIED,403,yes,microsoft_sharepoint,maejo365-my.sharepoint.com,no,personal_onedrive,prinya_mju_ac_th,4,52,2026-07-20T13:49:13.092364+07:00
https://maejo365-my.sharepoint.com/:b:/g/personal/prinya_mju_ac_th/IQDUD8lqzCVEQor9rv29RdfGAU5wqR4pgXJgONPR9zAgm2A,https://maejo365-my.sharepoint.com/:b:/g/personal/prinya_mju_ac_th/IQDUD8lqzCVEQor9rv29RdfGAU5wqR4pgXJgONPR9zAgm2A?e=VdNo5r,ACCESS_DENIED,403,yes,microsoft_sharepoint,maejo365-my.sharepoint.com,no,personal_onedrive,prinya_mju_ac_th,1,54,2026-07-20T13:49:13.092364+07:00
https://maejo365-my.sharepoint.com/:b:/g/personal/prinya_mju_ac_th/IQDUp88sVv3pR52bLD51BYaOAWCxvsPCfKETnqF7Gop2nBs,https://maejo365-my.sharepoint.com/:b:/g/personal/prinya_mju_ac_th/IQDUp88sVv3pR52bLD51BYaOAWCxvsPCfKETnqF7Gop2nBs?e=OMFWMz,ACCESS_DENIED,403,yes,microsoft_sharepoint,maejo365-my.sharepoint.com,no,personal_onedrive,prinya_mju_ac_th,1,55,2026-07-20T13:49:13.092364+07:00
https://maejo365-my.sharepoint.com/:b:/g/personal/prinya_mju_ac_th/IQDZ4xqLk6llRpDLebrB4RP5AZ7n1hYS9tvoOqupfEyIwos,https://maejo365-my.sharepoint.com/:b:/g/personal/prinya_mju_ac_th/IQDZ4xqLk6llRpDLebrB4RP5AZ7n1hYS9tvoOqupfEyIwos?e=cNwjmH,ACCESS_DENIED,403,yes,microsoft_sharepoint,maejo365-my.sharepoint.com,no,personal_onedrive,prinya_mju_ac_th,1,55,2026-07-20T13:49:13.092364+07:00
https://maejo365-my.sharepoint.com/:b:/g/personal/prinya_mju_ac_th/IQDbdEr3zOPkQqTMehkSZlVgAVjDNvpq-E7LVU7T0YzCZUE,https://maejo365-my.sharepoint.com/:b:/g/personal/prinya_mju_ac_th/IQDbdEr3zOPkQqTMehkSZlVgAVjDNvpq-E7LVU7T0YzCZUE?e=uu5xsk,ACCESS_DENIED,403,yes,microsoft_sharepoint,maejo365-my.sharepoint.com,no,personal_onedrive,prinya_mju_ac_th,1,55,2026-07-20T13:49:13.092364+07:00
https://maejo365-my.sharepoint.com/:b:/g/personal/prinya_mju_ac_th/IQDbvViJK2zITrJKerTb5YlrAbAynSzQrAJOMS4Gwwp-qTw,https://maejo365-my.sharepoint.com/:b:/g/personal/prinya_mju_ac_th/IQDbvViJK2zITrJKerTb5YlrAbAynSzQrAJOMS4Gwwp-qTw?e=aO9yGq,AUTHENTICATED_REACHABLE,200,likely_yes,microsoft_sharepoint,maejo365-my.sharepoint.com,no,personal_onedrive,prinya_mju_ac_th,1,41,2026-07-20T13:49:13.092364+07:00
https://maejo365-my.sharepoint.com/:b:/g/personal/prinya_mju_ac_th/IQDcRXllHXiFTo8K9-NUVdoZAQMopUxpR_Pq3r5Czsl4AIg,https://maejo365-my.sharepoint.com/:b:/g/personal/prinya_mju_ac_th/IQDcRXllHXiFTo8K9-NUVdoZAQMopUxpR_Pq3r5Czsl4AIg?e=kS0nRn,ACCESS_DENIED,403,yes,microsoft_sharepoint,maejo365-my.sharepoint.com,no,personal_onedrive,prinya_mju_ac_th,1,53,2026-07-20T13:49:13.092364+07:00
https://maejo365-my.sharepoint.com/:b:/g/personal/prinya_mju_ac_th/IQDdDX0OqcniQ4Euz7elM53RAXLzdW_IzvAn1Cdg2o6WoTs,https://maejo365-my.sharepoint.com/:b:/g/personal/prinya_mju_ac_th/IQDdDX0OqcniQ4Euz7elM53RAXLzdW_IzvAn1Cdg2o6WoTs?e=oRTrcz,ACCESS_DENIED,403,yes,microsoft_sharepoint,maejo365-my.sharepoint.com,no,personal_onedrive,prinya_mju_ac_th,1,53,2026-07-20T13:49:13.092364+07:00
https://maejo365-my.sharepoint.com/:b:/g/personal/prinya_mju_ac_th/IQDkLnQJM1qtRKZ4jAcY-cMIAZNcrWNIjv2Isdtg2LoO1c4,https://maejo365-my.sharepoint.com/:b:/g/personal/prinya_mju_ac_th/IQDkLnQJM1qtRKZ4jAcY-cMIAZNcrWNIjv2Isdtg2LoO1c4?e=2YP0Vn,ACCESS_DENIED,403,yes,microsoft_sharepoint,maejo365-my.sharepoint.com,no,personal_onedrive,prinya_mju_ac_th,1,53,2026-07-20T13:49:13.092364+07:00
https://maejo365-my.sharepoint.com/:b:/g/personal/prinya_mju_ac_th/IQDpbzu0scr6TbnDPvpKVyU0AXSuqCuApafOqFnNTI5gKHQ,https://maejo365-my.sharepoint.com/:b:/g/personal/prinya_mju_ac_th/IQDpbzu0scr6TbnDPvpKVyU0AXSuqCuApafOqFnNTI5gKHQ?e=rIWUcO,ACCESS_DENIED,403,yes,microsoft_sharepoint,maejo365-my.sharepoint.com,no,personal_onedrive,prinya_mju_ac_th,1,47,2026-07-20T13:49:13.092364+07:00
https://maejo365-my.sharepoint.com/:b:/g/personal/prinya_mju_ac_th/IQDqmDLPX1kVSLzmm_TZilh6AVQqINSXGPijRpYpCWRjNTc,https://maejo365-my.sharepoint.com/:b:/g/personal/prinya_mju_ac_th/IQDqmDLPX1kVSLzmm_TZilh6AVQqINSXGPijRpYpCWRjNTc?e=ubgtn1,ACCESS_DENIED,403,yes,microsoft_sharepoint,maejo365-my.sharepoint.com,no,personal_onedrive,prinya_mju_ac_th,1,53,2026-07-20T13:49:13.092364+07:00
https://maejo365-my.sharepoint.com/:b:/g/personal/prinya_mju_ac_th/IQDvleGZp0ybR5lcUI9sb9oFAY_UNKISfNPWU9MIoaQEmig,https://maejo365-my.sharepoint.com/:b:/g/personal/prinya_mju_ac_th/IQDvleGZp0ybR5lcUI9sb9oFAY_UNKISfNPWU9MIoaQEmig?e=2UHyfL,AUTHENTICATED_REACHABLE,200,likely_yes,microsoft_sharepoint,maejo365-my.sharepoint.com,no,personal_onedrive,prinya_mju_ac_th,1,54,2026-07-20T13:49:13.092364+07:00
https://maejo365-my.sharepoint.com/:b:/g/personal/prinya_mju_ac_th/IQDzn-RPP_HjQZXJJFQXIHsrAXF49EtCX1g-oeUxBOZr_5Q,https://maejo365-my.sharepoint.com/:b:/g/personal/prinya_mju_ac_th/IQDzn-RPP_HjQZXJJFQXIHsrAXF49EtCX1g-oeUxBOZr_5Q?e=TeY34k,ACCESS_DENIED,403,yes,microsoft_sharepoint,maejo365-my.sharepoint.com,no,personal_onedrive,prinya_mju_ac_th,1,43,2026-07-20T13:49:13.092364+07:00
https://maejo365-my.sharepoint.com/:x:/g/personal/prinya_mju_ac_th/EQ1j2DbbdF9IkToyjdQL_QUBL6Lp80U6wlInRdYFcxeTEw,https://maejo365-my.sharepoint.com/:x:/g/personal/prinya_mju_ac_th/EQ1j2DbbdF9IkToyjdQL_QUBL6Lp80U6wlInRdYFcxeTEw?e=ueSGPL,ACCESS_DENIED,403,yes,microsoft_sharepoint,maejo365-my.sharepoint.com,no,personal_onedrive,prinya_mju_ac_th,1,44,2026-07-20T13:49:13.092364+07:00
https://maejo365-my.sharepoint.com/:x:/g/personal/prinya_mju_ac_th/EVVMU1k6JYpIvdpBuwIdxqYBffuE3T0sJLmUMbWSj7zfvg,https://maejo365-my.sharepoint.com/:x:/g/personal/prinya_mju_ac_th/EVVMU1k6JYpIvdpBuwIdxqYBffuE3T0sJLmUMbWSj7zfvg?e=gCZ0dV,ACCESS_DENIED,403,yes,microsoft_sharepoint,maejo365-my.sharepoint.com,no,personal_onedrive,prinya_mju_ac_th,1,45,2026-07-20T13:49:13.092364+07:00
https://maejo365-my.sharepoint.com/:x:/g/personal/prinya_mju_ac_th/Ed9yefosFCFPh1H_0I0Mb0gBs07imx2AywWkmGDK3ZxkxQ,https://maejo365-my.sharepoint.com/:x:/g/personal/prinya_mju_ac_th/Ed9yefosFCFPh1H_0I0Mb0gBs07imx2AywWkmGDK3ZxkxQ?e=XJIRFa,ACCESS_DENIED,403,yes,microsoft_sharepoint,maejo365-my.sharepoint.com,no,personal_onedrive,prinya_mju_ac_th,1,43,2026-07-20T13:49:13.092364+07:00
https://maejo365-my.sharepoint.com/:x:/g/personal/prinya_mju_ac_th/Ef9KnXIYIxBLloJaAYZE9M0BfuBfKLQDXFi2fxgkY5hhOA,https://maejo365-my.sharepoint.com/:x:/g/personal/prinya_mju_ac_th/Ef9KnXIYIxBLloJaAYZE9M0BfuBfKLQDXFi2fxgkY5hhOA?e=vvkaHX,ACCESS_DENIED,403,yes,microsoft_sharepoint,maejo365-my.sharepoint.com,no,personal_onedrive,prinya_mju_ac_th,1,44,2026-07-20T13:49:13.092364+07:00
https://maejo365-my.sharepoint.com/:x:/g/personal/prinya_mju_ac_th/IQAYqO7zIhToQoY0jg0XMQ2KAVvO-4NpnWizfw0rCoNCJ6g,https://maejo365-my.sharepoint.com/:x:/g/personal/prinya_mju_ac_th/IQAYqO7zIhToQoY0jg0XMQ2KAVvO-4NpnWizfw0rCoNCJ6g?e=kV5Vzw,ACCESS_DENIED,403,yes,microsoft_sharepoint,maejo365-my.sharepoint.com,no,personal_onedrive,prinya_mju_ac_th,1,37,2026-07-20T13:49:13.092364+07:00
https://maejo365-my.sharepoint.com/:x:/g/personal/prinya_mju_ac_th/IQAh-Jq8-GxaR4R-x2BeYZKXAakh7ZBTFxTvJ2lGpPOkKNc,https://maejo365-my.sharepoint.com/:x:/g/personal/prinya_mju_ac_th/IQAh-Jq8-GxaR4R-x2BeYZKXAakh7ZBTFxTvJ2lGpPOkKNc?e=HudkSC,ACCESS_DENIED,403,yes,microsoft_sharepoint,maejo365-my.sharepoint.com,no,personal_onedrive,prinya_mju_ac_th,1,37,2026-07-20T13:49:13.092364+07:00
