evidence_link_id,joomla_article_id,article_title,source_url,normalized_url,storage_provider,storage_scope,probable_owner,access_status,file_name,file_type,category,issue,indicator_codes,mapping_status,confidence,occurrence_count,duplicate_group,ownership_risk,migration_priority,recommended_destination,last_checked_at,notes
SP-0001,52,5.4 ความน่าอยู่,https://maejo365-my.sharepoint.com/:b:/g/personal/prinya_mju_ac_th/IQDLF_P7NaHLS6EHBk434hRtAQe_SVlbrKfNDqxjZZZEw_M?e=BKmQpp,https://maejo365-my.sharepoint.com/:b:/g/personal/prinya_mju_ac_th/IQDLF_P7NaHLS6EHBk434hRtAQe_SVlbrKfNDqxjZZZEw_M,microsoft_sharepoint_onedrive,personal_onedrive,prinya_mju_ac_th,ACCESS_DENIED,sharepoint_item_IQDLF_P7NaHL,binary_document,5,5.4,5.4.1,probable,medium,4,DUP-d529e3,critical,P0_CRITICAL,central_sharepoint_evidence_library,2026-07-20T13:49:13.092364+07:00,Joomla article title maps to issue 5.4
SP-0002,52,5.4 ความน่าอยู่,https://maejo365-my.sharepoint.com/:b:/g/personal/prinya_mju_ac_th/IQDLF_P7NaHLS6EHBk434hRtAQe_SVlbrKfNDqxjZZZEw_M?e=BKmQpp,https://maejo365-my.sharepoint.com/:b:/g/personal/prinya_mju_ac_th/IQDLF_P7NaHLS6EHBk434hRtAQe_SVlbrKfNDqxjZZZEw_M,microsoft_sharepoint_onedrive,personal_onedrive,prinya_mju_ac_th,ACCESS_DENIED,sharepoint_item_IQDLF_P7NaHL,binary_document,5,5.4,5.4.1,probable,medium,4,DUP-d529e3,critical,P0_CRITICAL,central_sharepoint_evidence_library,2026-07-20T13:49:13.092364+07:00,Joomla article title maps to issue 5.4
SP-0003,52,5.4 ความน่าอยู่,https://maejo365-my.sharepoint.com/:b:/g/personal/prinya_mju_ac_th/IQDLF_P7NaHLS6EHBk434hRtAQe_SVlbrKfNDqxjZZZEw_M?e=BKmQpp,https://maejo365-my.sharepoint.com/:b:/g/personal/prinya_mju_ac_th/IQDLF_P7NaHLS6EHBk434hRtAQe_SVlbrKfNDqxjZZZEw_M,microsoft_sharepoint_onedrive,personal_onedrive,prinya_mju_ac_th,ACCESS_DENIED,sharepoint_item_IQDLF_P7NaHL,binary_document,5,5.4,5.4.1,probable,medium,4,DUP-d529e3,critical,P0_CRITICAL,central_sharepoint_evidence_library,2026-07-20T13:49:13.092364+07:00,Joomla article title maps to issue 5.4
SP-0004,52,5.4 ความน่าอยู่,https://maejo365-my.sharepoint.com/:b:/g/personal/prinya_mju_ac_th/IQDLF_P7NaHLS6EHBk434hRtAQe_SVlbrKfNDqxjZZZEw_M?e=BKmQpp,https://maejo365-my.sharepoint.com/:b:/g/personal/prinya_mju_ac_th/IQDLF_P7NaHLS6EHBk434hRtAQe_SVlbrKfNDqxjZZZEw_M,microsoft_sharepoint_onedrive,personal_onedrive,prinya_mju_ac_th,ACCESS_DENIED,sharepoint_item_IQDLF_P7NaHL,binary_document,5,5.4,5.4.1,probable,medium,4,DUP-d529e3,critical,P0_CRITICAL,central_sharepoint_evidence_library,2026-07-20T13:49:13.092364+07:00,Joomla article title maps to issue 5.4
SP-0005,53,5.5 การเตรียมพร้อมต่อสภาวะฉุกเฉิน,https://maejo365-my.sharepoint.com/:b:/g/personal/prinya_mju_ac_th/IQCkJo5Yc5QDTL4eRhUI5cEnAbG-L1L-fHHI8QOUwc1qYVA?e=8Nn6cI,https://maejo365-my.sharepoint.com/:b:/g/personal/prinya_mju_ac_th/IQCkJo5Yc5QDTL4eRhUI5cEnAbG-L1L-fHHI8QOUwc1qYVA,microsoft_sharepoint_onedrive,personal_onedrive,prinya_mju_ac_th,ACCESS_DENIED,sharepoint_item_IQCkJo5Yc5QD,binary_document,5,5.5,5.5.1,probable,medium,3,DUP-d3f3be,critical,P0_CRITICAL,central_sharepoint_evidence_library,2026-07-20T13:49:13.092364+07:00,Joomla article title maps to issue 5.5
SP-0006,53,5.5 การเตรียมพร้อมต่อสภาวะฉุกเฉิน,https://maejo365-my.sharepoint.com/:b:/g/personal/prinya_mju_ac_th/IQCkJo5Yc5QDTL4eRhUI5cEnAbG-L1L-fHHI8QOUwc1qYVA?e=8Nn6cI,https://maejo365-my.sharepoint.com/:b:/g/personal/prinya_mju_ac_th/IQCkJo5Yc5QDTL4eRhUI5cEnAbG-L1L-fHHI8QOUwc1qYVA,microsoft_sharepoint_onedrive,personal_onedrive,prinya_mju_ac_th,ACCESS_DENIED,sharepoint_item_IQCkJo5Yc5QD,binary_document,5,5.5,5.5.1,probable,medium,3,DUP-d3f3be,critical,P0_CRITICAL,central_sharepoint_evidence_library,2026-07-20T13:49:13.092364+07:00,Joomla article title maps to issue 5.5
SP-0007,53,5.5 การเตรียมพร้อมต่อสภาวะฉุกเฉิน,https://maejo365-my.sharepoint.com/:b:/g/personal/prinya_mju_ac_th/IQCkJo5Yc5QDTL4eRhUI5cEnAbG-L1L-fHHI8QOUwc1qYVA?e=8Nn6cI,https://maejo365-my.sharepoint.com/:b:/g/personal/prinya_mju_ac_th/IQCkJo5Yc5QDTL4eRhUI5cEnAbG-L1L-fHHI8QOUwc1qYVA,microsoft_sharepoint_onedrive,personal_onedrive,prinya_mju_ac_th,ACCESS_DENIED,sharepoint_item_IQCkJo5Yc5QD,binary_document,5,5.5,5.5.1,probable,medium,3,DUP-d3f3be,critical,P0_CRITICAL,central_sharepoint_evidence_library,2026-07-20T13:49:13.092364+07:00,Joomla article title maps to issue 5.5
SP-0008,36,1.4 กฎหมายและข้อกำหนดอื่นๆ ที่เกี่ยวข้อง,https://maejo365-my.sharepoint.com/:b:/g/personal/prinya_mju_ac_th/IQC8vbg-VrrEQqFsfZkBOXEcATXmUfG7BHyd0bbLNSAR3Ps?e=x5o7BE,https://maejo365-my.sharepoint.com/:b:/g/personal/prinya_mju_ac_th/IQC8vbg-VrrEQqFsfZkBOXEcATXmUfG7BHyd0bbLNSAR3Ps,microsoft_sharepoint_onedrive,personal_onedrive,prinya_mju_ac_th,ACCESS_DENIED,sharepoint_item_IQC8vbg-VrrE,binary_document,1,1.4,1.4.1|1.4.2,probable,medium,2,DUP-ad2061,critical,P0_CRITICAL,central_sharepoint_evidence_library,2026-07-20T13:49:13.092364+07:00,Joomla article title maps to issue 1.4
SP-0009,36,1.4 กฎหมายและข้อกำหนดอื่นๆ ที่เกี่ยวข้อง,https://maejo365-my.sharepoint.com/:b:/g/personal/prinya_mju_ac_th/IQC8vbg-VrrEQqFsfZkBOXEcATXmUfG7BHyd0bbLNSAR3Ps?e=x5o7BE,https://maejo365-my.sharepoint.com/:b:/g/personal/prinya_mju_ac_th/IQC8vbg-VrrEQqFsfZkBOXEcATXmUfG7BHyd0bbLNSAR3Ps,microsoft_sharepoint_onedrive,personal_onedrive,prinya_mju_ac_th,ACCESS_DENIED,sharepoint_item_IQC8vbg-VrrE,binary_document,1,1.4,1.4.1|1.4.2,probable,medium,2,DUP-ad2061,critical,P0_CRITICAL,central_sharepoint_evidence_library,2026-07-20T13:49:13.092364+07:00,Joomla article title maps to issue 1.4
SP-0010,39,1.7 การทบทวนฝ่ายบริหาร,https://maejo365-my.sharepoint.com/:b:/g/personal/prinya_mju_ac_th/IQCjAOcIrTVoSY8zdgqQJSB5AR884SGk-5-WlTVPEsoDk-s?e=6alT85,https://maejo365-my.sharepoint.com/:b:/g/personal/prinya_mju_ac_th/IQCjAOcIrTVoSY8zdgqQJSB5AR884SGk-5-WlTVPEsoDk-s,microsoft_sharepoint_onedrive,personal_onedrive,prinya_mju_ac_th,ACCESS_DENIED,sharepoint_item_IQCjAOcIrTVo,binary_document,1,1.7,1.7.1|1.7.2,probable,medium,2,DUP-ad67e4,critical,P0_CRITICAL,central_sharepoint_evidence_library,2026-07-20T13:49:13.092364+07:00,Joomla article title maps to issue 1.7
SP-0011,39,1.7 การทบทวนฝ่ายบริหาร,https://maejo365-my.sharepoint.com/:b:/g/personal/prinya_mju_ac_th/IQCjAOcIrTVoSY8zdgqQJSB5AR884SGk-5-WlTVPEsoDk-s?e=LVtOyV,https://maejo365-my.sharepoint.com/:b:/g/personal/prinya_mju_ac_th/IQCjAOcIrTVoSY8zdgqQJSB5AR884SGk-5-WlTVPEsoDk-s,microsoft_sharepoint_onedrive,personal_onedrive,prinya_mju_ac_th,ACCESS_DENIED,1.7.1(2) กำหนดองค์ประชุมฯ,binary_document,1,1.7,1.7.1|1.7.2,probable,medium,2,DUP-ad67e4,critical,P0_CRITICAL,central_sharepoint_evidence_library,2026-07-20T13:49:13.092364+07:00,Joomla article title maps to issue 1.7
SP-0012,39,1.7 การทบทวนฝ่ายบริหาร,https://maejo365-my.sharepoint.com/:b:/g/personal/prinya_mju_ac_th/IQBsovJYQs-MS6lF6gShrm0FAfHS1cjp5qpudNy638RvhDw?e=SDrfZb,https://maejo365-my.sharepoint.com/:b:/g/personal/prinya_mju_ac_th/IQBsovJYQs-MS6lF6gShrm0FAfHS1cjp5qpudNy638RvhDw,microsoft_sharepoint_onedrive,personal_onedrive,prinya_mju_ac_th,ACCESS_DENIED,sharepoint_item_IQBsovJYQs-M,binary_document,1,1.7,1.7.1|1.7.2,probable,medium,2,DUP-5d09fd,critical,P0_CRITICAL,central_sharepoint_evidence_library,2026-07-20T13:49:13.092364+07:00,Joomla article title maps to issue 1.7
SP-0013,39,1.7 การทบทวนฝ่ายบริหาร,https://maejo365-my.sharepoint.com/:b:/g/personal/prinya_mju_ac_th/IQBsovJYQs-MS6lF6gShrm0FAfHS1cjp5qpudNy638RvhDw?e=XcddDm,https://maejo365-my.sharepoint.com/:b:/g/personal/prinya_mju_ac_th/IQBsovJYQs-MS6lF6gShrm0FAfHS1cjp5qpudNy638RvhDw,microsoft_sharepoint_onedrive,personal_onedrive,prinya_mju_ac_th,ACCESS_DENIED,1.7.2(1) รายงานการประชุมคณะกรรมการอำนวยการฯ (7 มี.ค.2568),binary_document,1,1.7,1.7.1|1.7.2,probable,medium,2,DUP-5d09fd,critical,P0_CRITICAL,central_sharepoint_evidence_library,2026-07-20T13:49:13.092364+07:00,Joomla article title maps to issue 1.7
SP-0014,44,3.2 การใช้พลังงาน,https://maejo365-my.sharepoint.com/:b:/g/personal/prinya_mju_ac_th/IQDDx8lnLO2CRKLtmsIn9wRlAV-aKaQ8iG3QJDo62psWc5E?e=mV5sEq,https://maejo365-my.sharepoint.com/:b:/g/personal/prinya_mju_ac_th/IQDDx8lnLO2CRKLtmsIn9wRlAV-aKaQ8iG3QJDo62psWc5E,microsoft_sharepoint_onedrive,personal_onedrive,prinya_mju_ac_th,ACCESS_DENIED,3.2.1 มาตรการหรือแนวทางการใช้ไฟฟ้าเหมาะสมกับสำนักงาน,binary_document,3,3.2,3.2.2,confirmed,high,2,DUP-8060bd,critical,P0_CRITICAL,central_sharepoint_evidence_library,2026-07-20T13:49:13.092364+07:00,"Anchor text ""3.2.1 มาตรการหรือแนวทางการใช้ไฟฟ้าเหมาะสมกับสำนักงาน"" matches indicator pattern"
SP-0015,44,3.2 การใช้พลังงาน,https://maejo365-my.sharepoint.com/:b:/g/personal/prinya_mju_ac_th/IQDDx8lnLO2CRKLtmsIn9wRlAV-aKaQ8iG3QJDo62psWc5E?e=mV5sEq,https://maejo365-my.sharepoint.com/:b:/g/personal/prinya_mju_ac_th/IQDDx8lnLO2CRKLtmsIn9wRlAV-aKaQ8iG3QJDo62psWc5E,microsoft_sharepoint_onedrive,personal_onedrive,prinya_mju_ac_th,ACCESS_DENIED,3.2.1 มาตรการหรือแนวทางการใช้ไฟฟ้าเหมาะสมกับสำนักงาน,binary_document,3,3.2,3.2.2,confirmed,high,2,DUP-8060bd,critical,P0_CRITICAL,central_sharepoint_evidence_library,2026-07-20T13:49:13.092364+07:00,"Anchor text ""3.2.1 มาตรการหรือแนวทางการใช้ไฟฟ้าเหมาะสมกับสำนักงาน"" matches indicator pattern"
SP-0016,44,3.2 การใช้พลังงาน,https://maejo365-my.sharepoint.com/:b:/g/personal/prinya_mju_ac_th/IQCLFwLjA8XMSr491rZMLvFXAQ4QIBFKJxXwzSfSGJKmH5c?e=TL6or3,https://maejo365-my.sharepoint.com/:b:/g/personal/prinya_mju_ac_th/IQCLFwLjA8XMSr491rZMLvFXAQ4QIBFKJxXwzSfSGJKmH5c,microsoft_sharepoint_onedrive,personal_onedrive,prinya_mju_ac_th,ACCESS_DENIED,sharepoint_item_IQCLFwLjA8XM,binary_document,3,3.2,3.2.1|3.2.2|3.2.3|3.2.4|3.2.5,probable,medium,2,DUP-a3475f,critical,P0_CRITICAL,central_sharepoint_evidence_library,2026-07-20T13:49:13.092364+07:00,Joomla article title maps to issue 3.2
SP-0017,44,3.2 การใช้พลังงาน,https://maejo365-my.sharepoint.com/:b:/g/personal/prinya_mju_ac_th/IQCLFwLjA8XMSr491rZMLvFXAQ4QIBFKJxXwzSfSGJKmH5c?e=k6C8uN,https://maejo365-my.sharepoint.com/:b:/g/personal/prinya_mju_ac_th/IQCLFwLjA8XMSr491rZMLvFXAQ4QIBFKJxXwzSfSGJKmH5c,microsoft_sharepoint_onedrive,personal_onedrive,prinya_mju_ac_th,ACCESS_DENIED,3.2.3 มาตรการประหยัดไฟฟ้าในพื้นที่ทำงาน,binary_document,3,3.2,3.2.1|3.2.2|3.2.3|3.2.4|3.2.5,probable,medium,2,DUP-a3475f,critical,P0_CRITICAL,central_sharepoint_evidence_library,2026-07-20T13:49:13.092364+07:00,Joomla article title maps to issue 3.2
SP-0018,44,3.2 การใช้พลังงาน,https://maejo365-my.sharepoint.com/:b:/g/personal/prinya_mju_ac_th/IQCFTwbSPA_xTquyVcbjBp9bAaEOOnOmbiXR96CMTdgRZnk?e=8QRb1e,https://maejo365-my.sharepoint.com/:b:/g/personal/prinya_mju_ac_th/IQCFTwbSPA_xTquyVcbjBp9bAaEOOnOmbiXR96CMTdgRZnk,microsoft_sharepoint_onedrive,personal_onedrive,prinya_mju_ac_th,ACCESS_DENIED,3.2.4(1) มาตรการหรือแนวทางการใช้น้ำมันเชื้อเพลิงในการเดินทาง,binary_document,3,3.2,3.1.1,probable,medium,2,DUP-48be0d,critical,P0_CRITICAL,central_sharepoint_evidence_library,2026-07-20T13:49:13.092364+07:00,"Anchor text ""3.2.4(1) มาตรการหรือแนวทางการใช้น้ำมันเชื้อเพลิงในการเดินทาง"" matches indicator pattern"
SP-0019,44,3.2 การใช้พลังงาน,https://maejo365-my.sharepoint.com/:b:/g/personal/prinya_mju_ac_th/IQCFTwbSPA_xTquyVcbjBp9bAaEOOnOmbiXR96CMTdgRZnk?e=8QRb1e,https://maejo365-my.sharepoint.com/:b:/g/personal/prinya_mju_ac_th/IQCFTwbSPA_xTquyVcbjBp9bAaEOOnOmbiXR96CMTdgRZnk,microsoft_sharepoint_onedrive,personal_onedrive,prinya_mju_ac_th,ACCESS_DENIED,3.2.4(1) มาตรการหรือแนวทางการใช้น้ำมันเชื้อเพลิงในการเดินทาง,binary_document,3,3.2,3.1.1,probable,medium,2,DUP-48be0d,critical,P0_CRITICAL,central_sharepoint_evidence_library,2026-07-20T13:49:13.092364+07:00,"Anchor text ""3.2.4(1) มาตรการหรือแนวทางการใช้น้ำมันเชื้อเพลิงในการเดินทาง"" matches indicator pattern"
SP-0020,45,3.3 การใช้ทรัพยากรอื่นๆ,https://maejo365-my.sharepoint.com/:b:/g/personal/prinya_mju_ac_th/IQCTS9JC5u9ET4uEdOjFH3R_AbykRElj2a-nU5BQTV9qjTk?e=NsujPa,https://maejo365-my.sharepoint.com/:b:/g/personal/prinya_mju_ac_th/IQCTS9JC5u9ET4uEdOjFH3R_AbykRElj2a-nU5BQTV9qjTk,microsoft_sharepoint_onedrive,personal_onedrive,prinya_mju_ac_th,ACCESS_DENIED,sharepoint_item_IQCTS9JC5u9E,binary_document,3,3.3,3.3.1|3.3.2|3.3.3|3.3.4|3.3.5,probable,medium,2,DUP-dfdde1,critical,P0_CRITICAL,central_sharepoint_evidence_library,2026-07-20T13:49:13.092364+07:00,Joomla article title maps to issue 3.3
SP-0021,45,3.3 การใช้ทรัพยากรอื่นๆ,https://maejo365-my.sharepoint.com/:b:/g/personal/prinya_mju_ac_th/IQCTS9JC5u9ET4uEdOjFH3R_AbykRElj2a-nU5BQTV9qjTk?e=clkrfh,https://maejo365-my.sharepoint.com/:b:/g/personal/prinya_mju_ac_th/IQCTS9JC5u9ET4uEdOjFH3R_AbykRElj2a-nU5BQTV9qjTk,microsoft_sharepoint_onedrive,personal_onedrive,prinya_mju_ac_th,ACCESS_DENIED,3.3.1 มาตรการหรือแนวทางการใช้กระดาษที่เหมาะสมกับสำนักงาน,binary_document,3,3.3,3.3.2,confirmed,high,2,DUP-dfdde1,critical,P0_CRITICAL,central_sharepoint_evidence_library,2026-07-20T13:49:13.092364+07:00,"Anchor text ""3.3.1 มาตรการหรือแนวทางการใช้กระดาษที่เหมาะสมกับสำนักงาน"" matches indicator pattern"
SP-0022,45,3.3 การใช้ทรัพยากรอื่นๆ,https://maejo365-my.sharepoint.com/:b:/g/personal/prinya_mju_ac_th/IQBqUGjx_JIfTJrMSVGMrOeuARNFFnhZ4cT11_Kv9ibzjHA?e=IYM4qK,https://maejo365-my.sharepoint.com/:b:/g/personal/prinya_mju_ac_th/IQBqUGjx_JIfTJrMSVGMrOeuARNFFnhZ4cT11_Kv9ibzjHA,microsoft_sharepoint_onedrive,personal_onedrive,prinya_mju_ac_th,ACCESS_DENIED,sharepoint_item_IQBqUGjx_JIf,binary_document,3,3.3,3.3.1|3.3.2|3.3.3|3.3.4|3.3.5,probable,medium,2,DUP-aca492,critical,P0_CRITICAL,central_sharepoint_evidence_library,2026-07-20T13:49:13.092364+07:00,Joomla article title maps to issue 3.3
SP-0023,45,3.3 การใช้ทรัพยากรอื่นๆ,https://maejo365-my.sharepoint.com/:b:/g/personal/prinya_mju_ac_th/IQBqUGjx_JIfTJrMSVGMrOeuARNFFnhZ4cT11_Kv9ibzjHA?e=nSVCea,https://maejo365-my.sharepoint.com/:b:/g/personal/prinya_mju_ac_th/IQBqUGjx_JIfTJrMSVGMrOeuARNFFnhZ4cT11_Kv9ibzjHA,microsoft_sharepoint_onedrive,personal_onedrive,prinya_mju_ac_th,ACCESS_DENIED,3.3.3(1) การปฏิบัติตามมาตรการประหยัดกระดาษในพื้นที่ทำงาน,binary_document,3,3.3,3.3.1|3.3.2|3.3.3|3.3.4|3.3.5,probable,medium,2,DUP-aca492,critical,P0_CRITICAL,central_sharepoint_evidence_library,2026-07-20T13:49:13.092364+07:00,Joomla article title maps to issue 3.3
SP-0024,45,3.3 การใช้ทรัพยากรอื่นๆ,https://maejo365-my.sharepoint.com/:b:/g/personal/prinya_mju_ac_th/IQBKXnnuV01OR41c6vAamPXrATW141dVbEih8tuQP725MEo?e=geHfKh,https://maejo365-my.sharepoint.com/:b:/g/personal/prinya_mju_ac_th/IQBKXnnuV01OR41c6vAamPXrATW141dVbEih8tuQP725MEo,microsoft_sharepoint_onedrive,personal_onedrive,prinya_mju_ac_th,AUTHENTICATED_REACHABLE,sharepoint_item_IQBKXnnuV01O,binary_document,3,3.3,3.3.1|3.3.2|3.3.3|3.3.4|3.3.5,probable,medium,2,DUP-0f3745,high,P0_CRITICAL,central_sharepoint_evidence_library,2026-07-20T13:49:13.092364+07:00,Joomla article title maps to issue 3.3
SP-0025,45,3.3 การใช้ทรัพยากรอื่นๆ,https://maejo365-my.sharepoint.com/:b:/g/personal/prinya_mju_ac_th/IQBKXnnuV01OR41c6vAamPXrATW141dVbEih8tuQP725MEo?e=PQUIKv,https://maejo365-my.sharepoint.com/:b:/g/personal/prinya_mju_ac_th/IQBKXnnuV01OR41c6vAamPXrATW141dVbEih8tuQP725MEo,microsoft_sharepoint_onedrive,personal_onedrive,prinya_mju_ac_th,AUTHENTICATED_REACHABLE,3.3.4 มาตรการหรือแนวทางการใช้หมึกพิมพ์ฯ,binary_document,3,3.3,3.3.1|3.3.2|3.3.3|3.3.4|3.3.5,probable,medium,2,DUP-0f3745,high,P0_CRITICAL,central_sharepoint_evidence_library,2026-07-20T13:49:13.092364+07:00,Joomla article title maps to issue 3.3
SP-0026,45,3.3 การใช้ทรัพยากรอื่นๆ,https://maejo365-my.sharepoint.com/:b:/g/personal/prinya_mju_ac_th/IQCo1Ls9MkuNSI0yScB3Rbz3AUWDkcb8xD6qUxPMu2syl98?e=V7OdG7,https://maejo365-my.sharepoint.com/:b:/g/personal/prinya_mju_ac_th/IQCo1Ls9MkuNSI0yScB3Rbz3AUWDkcb8xD6qUxPMu2syl98,microsoft_sharepoint_onedrive,personal_onedrive,prinya_mju_ac_th,AUTHENTICATED_REACHABLE,sharepoint_item_IQCo1Ls9MkuN,binary_document,3,3.3,3.3.1|3.3.2|3.3.3|3.3.4|3.3.5,probable,medium,2,DUP-a9a95c,high,P0_CRITICAL,central_sharepoint_evidence_library,2026-07-20T13:49:13.092364+07:00,Joomla article title maps to issue 3.3
SP-0027,45,3.3 การใช้ทรัพยากรอื่นๆ,https://maejo365-my.sharepoint.com/:b:/g/personal/prinya_mju_ac_th/IQCo1Ls9MkuNSI0yScB3Rbz3AUWDkcb8xD6qUxPMu2syl98?e=oWegYT,https://maejo365-my.sharepoint.com/:b:/g/personal/prinya_mju_ac_th/IQCo1Ls9MkuNSI0yScB3Rbz3AUWDkcb8xD6qUxPMu2syl98,microsoft_sharepoint_onedrive,personal_onedrive,prinya_mju_ac_th,AUTHENTICATED_REACHABLE,3.3.5(1) มาตรการประหยัดการใช้หมึกพิมพ์ อุปกรณ์เครื่องเขียน วัสดุอุปกรณ์สำนักงาน,binary_document,3,3.3,3.3.1|3.3.2|3.3.3|3.3.4|3.3.5,probable,medium,2,DUP-a9a95c,high,P0_CRITICAL,central_sharepoint_evidence_library,2026-07-20T13:49:13.092364+07:00,Joomla article title maps to issue 3.3
SP-0028,48,4.2 การจัดการน้ำเสีย,https://maejo365-my.sharepoint.com/:b:/g/personal/prinya_mju_ac_th/IQAu_TXwiCxdTrYtKV6bR968AbCwpXVAvjRQkbWXsLopkyE?e=ng8xBy,https://maejo365-my.sharepoint.com/:b:/g/personal/prinya_mju_ac_th/IQAu_TXwiCxdTrYtKV6bR968AbCwpXVAvjRQkbWXsLopkyE,microsoft_sharepoint_onedrive,personal_onedrive,prinya_mju_ac_th,ACCESS_DENIED,sharepoint_item_IQAu_TXwiCxd,binary_document,4,4.2,4.2.1|4.2.2,probable,medium,2,DUP-73f68c,critical,P0_CRITICAL,central_sharepoint_evidence_library,2026-07-20T13:49:13.092364+07:00,Joomla article title maps to issue 4.2
SP-0029,48,4.2 การจัดการน้ำเสีย,https://maejo365-my.sharepoint.com/:b:/g/personal/prinya_mju_ac_th/IQAu_TXwiCxdTrYtKV6bR968AbCwpXVAvjRQkbWXsLopkyE?e=AAlk2t,https://maejo365-my.sharepoint.com/:b:/g/personal/prinya_mju_ac_th/IQAu_TXwiCxdTrYtKV6bR968AbCwpXVAvjRQkbWXsLopkyE,microsoft_sharepoint_onedrive,personal_onedrive,prinya_mju_ac_th,ACCESS_DENIED,sharepoint_item_IQAu_TXwiCxd,binary_document,4,4.2,4.2.1|4.2.2,probable,medium,2,DUP-73f68c,critical,P0_CRITICAL,central_sharepoint_evidence_library,2026-07-20T13:49:13.092364+07:00,Joomla article title maps to issue 4.2
SP-0030,49,5.1 อากาศในสำนักงาน,https://maejo365-my.sharepoint.com/:b:/g/personal/prinya_mju_ac_th/IQD2v14GtNldRrH9OsHaj10BAVUvY6einadAvxseNJRXhwI?e=CJ4H7G,https://maejo365-my.sharepoint.com/:b:/g/personal/prinya_mju_ac_th/IQD2v14GtNldRrH9OsHaj10BAVUvY6einadAvxseNJRXhwI,microsoft_sharepoint_onedrive,personal_onedrive,prinya_mju_ac_th,ACCESS_DENIED,sharepoint_item_IQD2v14GtNld,binary_document,5,5.1,5.1.1|5.1.2,probable,medium,2,DUP-e5fa06,critical,P0_CRITICAL,central_sharepoint_evidence_library,2026-07-20T13:49:13.092364+07:00,Joomla article title maps to issue 5.1
SP-0031,49,5.1 อากาศในสำนักงาน,https://maejo365-my.sharepoint.com/:b:/g/personal/prinya_mju_ac_th/IQD2v14GtNldRrH9OsHaj10BAVUvY6einadAvxseNJRXhwI?e=9c7j9R,https://maejo365-my.sharepoint.com/:b:/g/personal/prinya_mju_ac_th/IQD2v14GtNldRrH9OsHaj10BAVUvY6einadAvxseNJRXhwI,microsoft_sharepoint_onedrive,personal_onedrive,prinya_mju_ac_th,ACCESS_DENIED,5.1.2 การรณรงค์ไม่สูบบุหรี่หรือมีการกำหนดพื้นที่สูบ,binary_document,5,5.1,5.1.1|5.1.2,probable,medium,2,DUP-e5fa06,critical,P0_CRITICAL,central_sharepoint_evidence_library,2026-07-20T13:49:13.092364+07:00,Joomla article title maps to issue 5.1
SP-0032,53,5.5 การเตรียมพร้อมต่อสภาวะฉุกเฉิน,https://maejo365-my.sharepoint.com/:b:/g/personal/prinya_mju_ac_th/IQAYZKbt8DZnR7T6LO8vJXm8Af70XBdqnp3vec2aIgrFP_w?e=TQ9u2G,https://maejo365-my.sharepoint.com/:b:/g/personal/prinya_mju_ac_th/IQAYZKbt8DZnR7T6LO8vJXm8Af70XBdqnp3vec2aIgrFP_w,microsoft_sharepoint_onedrive,personal_onedrive,prinya_mju_ac_th,ACCESS_DENIED,ภัยฯ 2568,binary_document,5,5.5,5.5.1,probable,medium,2,DUP-aecc1c,critical,P0_CRITICAL,central_sharepoint_evidence_library,2026-07-20T13:49:13.092364+07:00,Joomla article title maps to issue 5.5
SP-0033,53,5.5 การเตรียมพร้อมต่อสภาวะฉุกเฉิน,https://maejo365-my.sharepoint.com/:b:/g/personal/prinya_mju_ac_th/IQAYZKbt8DZnR7T6LO8vJXm8Af70XBdqnp3vec2aIgrFP_w?e=TQ9u2G,https://maejo365-my.sharepoint.com/:b:/g/personal/prinya_mju_ac_th/IQAYZKbt8DZnR7T6LO8vJXm8Af70XBdqnp3vec2aIgrFP_w,microsoft_sharepoint_onedrive,personal_onedrive,prinya_mju_ac_th,ACCESS_DENIED,ภัยฯ 2568,binary_document,5,5.5,5.5.1,probable,medium,2,DUP-aecc1c,critical,P0_CRITICAL,central_sharepoint_evidence_library,2026-07-20T13:49:13.092364+07:00,Joomla article title maps to issue 5.5
SP-0034,30,หมวดที่ 5 — สภาพแวดล้อมและความปลอดภัย,https://maejo365-my.sharepoint.com/:b:/g/personal/prinya_mju_ac_th/IQBzUqgnIy0bR4bhxynMCkw3AaJ_NJHSlkUuhj_qU2SqP08?e=4i43rR,https://maejo365-my.sharepoint.com/:b:/g/personal/prinya_mju_ac_th/IQBzUqgnIy0bR4bhxynMCkw3AaJ_NJHSlkUuhj_qU2SqP08,microsoft_sharepoint_onedrive,personal_onedrive,prinya_mju_ac_th,ACCESS_DENIED,สภาพแวดล้อมและความปลอดภัย,binary_document,5,,,needs_review,low,1,,critical,P0_CRITICAL,central_sharepoint_evidence_library,2026-07-20T13:49:13.092364+07:00,Category header page — indicator mapping requires link-level context
SP-0035,32,หมวดที่ 7 — การดำเนินงานสำนักงานสีเขียวเพื่อความต่อเนื่อง,https://maejo365-my.sharepoint.com/:b:/g/personal/prinya_mju_ac_th/IQCA8FNqsA3VTp7Yao-2ynkhAYhIPcQVureMkRFms6j_LjU?e=dk2Ibk,https://maejo365-my.sharepoint.com/:b:/g/personal/prinya_mju_ac_th/IQCA8FNqsA3VTp7Yao-2ynkhAYhIPcQVureMkRFms6j_LjU,microsoft_sharepoint_onedrive,personal_onedrive,prinya_mju_ac_th,ACCESS_DENIED,หมวดที่ 7 — การดำเนินงานสำนักงานสีเขียวเพื่อความต่อเนื่อง,binary_document,7,,,needs_review,low,1,,critical,P0_CRITICAL,central_sharepoint_evidence_library,2026-07-20T13:49:13.092364+07:00,Category header page — indicator mapping requires link-level context
SP-0036,33,1.1 การกำหนดแนวทางการดำเนินงานสำนักงานสีเขียว,https://maejo365-my.sharepoint.com/:b:/g/personal/prinya_mju_ac_th/IQC4RtE-sdJ3S5lTho_5K7LZAXPOPkrh0DaYiJjvTpla_Vc?e=1IwmdT,https://maejo365-my.sharepoint.com/:b:/g/personal/prinya_mju_ac_th/IQC4RtE-sdJ3S5lTho_5K7LZAXPOPkrh0DaYiJjvTpla_Vc,microsoft_sharepoint_onedrive,personal_onedrive,prinya_mju_ac_th,AUTHENTICATED_REACHABLE,sharepoint_item_IQC4RtE-sdJ3,binary_document,1,1.1,1.1.1|1.1.2|1.1.3|1.1.4,probable,medium,1,,high,P0_CRITICAL,central_sharepoint_evidence_library,2026-07-20T13:49:13.092364+07:00,Joomla article title maps to issue 1.1
SP-0037,35,1.3 การระบุประเด็นปัญหาทรัพยากรและสิ่งแวดล้อม,https://maejo365-my.sharepoint.com/:b:/g/personal/prinya_mju_ac_th/IQCKX3IaA9YLSKP3Itizabt0AXe_Bv7CPGWlWeEa5fYE6Ww?e=30GcMd,https://maejo365-my.sharepoint.com/:b:/g/personal/prinya_mju_ac_th/IQCKX3IaA9YLSKP3Itizabt0AXe_Bv7CPGWlWeEa5fYE6Ww,microsoft_sharepoint_onedrive,personal_onedrive,prinya_mju_ac_th,AUTHENTICATED_REACHABLE,sharepoint_item_IQCKX3IaA9YL,binary_document,1,1.3,1.3.1|1.3.2|1.3.3,probable,medium,1,,high,P0_CRITICAL,central_sharepoint_evidence_library,2026-07-20T13:49:13.092364+07:00,Joomla article title maps to issue 1.3
SP-0038,35,1.3 การระบุประเด็นปัญหาทรัพยากรและสิ่งแวดล้อม,https://maejo365-my.sharepoint.com/:b:/g/personal/prinya_mju_ac_th/IQC6RKpsJyiXSI_DOjD_voQeAaqqlM3KiGSNWLP8AxZBtnw?e=SoUo1b,https://maejo365-my.sharepoint.com/:b:/g/personal/prinya_mju_ac_th/IQC6RKpsJyiXSI_DOjD_voQeAaqqlM3KiGSNWLP8AxZBtnw,microsoft_sharepoint_onedrive,personal_onedrive,prinya_mju_ac_th,ACCESS_DENIED,1.3.1(1) ตารางวิเคราะห์กระบวนการทำงาน,binary_document,1,1.3,1.3.1|1.3.2|1.3.3,probable,medium,1,,critical,P0_CRITICAL,central_sharepoint_evidence_library,2026-07-20T13:49:13.092364+07:00,Joomla article title maps to issue 1.3
SP-0039,35,1.3 การระบุประเด็นปัญหาทรัพยากรและสิ่งแวดล้อม,https://maejo365-my.sharepoint.com/:b:/g/personal/prinya_mju_ac_th/IQCeZ4j-d5CZQKmd4PkrDjEjAX45iGZNRdxZfYBv-31Nklw?e=HsFbfr,https://maejo365-my.sharepoint.com/:b:/g/personal/prinya_mju_ac_th/IQCeZ4j-d5CZQKmd4PkrDjEjAX45iGZNRdxZfYBv-31Nklw,microsoft_sharepoint_onedrive,personal_onedrive,prinya_mju_ac_th,ACCESS_DENIED,1.3.1(2) ทะเบียนระบุและประเมินฯด้านทรัพยากร,binary_document,1,1.3,1.3.1|1.3.2|1.3.3,probable,medium,1,,critical,P0_CRITICAL,central_sharepoint_evidence_library,2026-07-20T13:49:13.092364+07:00,Joomla article title maps to issue 1.3
SP-0040,35,1.3 การระบุประเด็นปัญหาทรัพยากรและสิ่งแวดล้อม,https://maejo365-my.sharepoint.com/:b:/g/personal/prinya_mju_ac_th/IQCqdbAL87TaQK0ChXBiz5Z4AUed5RWcjdfgYGFsi31c-wg?e=PNybHb,https://maejo365-my.sharepoint.com/:b:/g/personal/prinya_mju_ac_th/IQCqdbAL87TaQK0ChXBiz5Z4AUed5RWcjdfgYGFsi31c-wg,microsoft_sharepoint_onedrive,personal_onedrive,prinya_mju_ac_th,ACCESS_DENIED,1.3.1(3) ทะเบียนระบุและประเมินฯด้านมลพิษ,binary_document,1,1.3,1.3.1|1.3.2|1.3.3,probable,medium,1,,critical,P0_CRITICAL,central_sharepoint_evidence_library,2026-07-20T13:49:13.092364+07:00,Joomla article title maps to issue 1.3
SP-0041,35,1.3 การระบุประเด็นปัญหาทรัพยากรและสิ่งแวดล้อม,https://maejo365-my.sharepoint.com/:b:/g/personal/prinya_mju_ac_th/IQCW_f9bsU7gRa8jZ-Z9tNHLAQm0JyyAor9kvRQYp6p7abU?e=aflsO4,https://maejo365-my.sharepoint.com/:b:/g/personal/prinya_mju_ac_th/IQCW_f9bsU7gRa8jZ-Z9tNHLAQm0JyyAor9kvRQYp6p7abU,microsoft_sharepoint_onedrive,personal_onedrive,prinya_mju_ac_th,ACCESS_DENIED,1.3.1(4) ทะเบียนจัดลำดับปัญหาฯที่มีนัยยะสำคัญ,binary_document,1,1.3,1.3.1|1.3.2|1.3.3,probable,medium,1,,critical,P0_CRITICAL,central_sharepoint_evidence_library,2026-07-20T13:49:13.092364+07:00,Joomla article title maps to issue 1.3
SP-0042,35,1.3 การระบุประเด็นปัญหาทรัพยากรและสิ่งแวดล้อม,https://maejo365-my.sharepoint.com/:b:/g/personal/prinya_mju_ac_th/IQBnDcvGtceLQ4-DDCNBLjteAc5GM5wih4Y_k45B1nsL338?e=XhsoP2,https://maejo365-my.sharepoint.com/:b:/g/personal/prinya_mju_ac_th/IQBnDcvGtceLQ4-DDCNBLjteAc5GM5wih4Y_k45B1nsL338,microsoft_sharepoint_onedrive,personal_onedrive,prinya_mju_ac_th,ACCESS_DENIED,1.3.1 ทะเบียนจัดลำดับปัญหาฯด้านมลพิษที่มีนัยยะสำคัญ,binary_document,1,1.3,1.3.1|1.3.2|1.3.3,probable,medium,1,,critical,P0_CRITICAL,central_sharepoint_evidence_library,2026-07-20T13:49:13.092364+07:00,Joomla article title maps to issue 1.3
SP-0043,35,1.3 การระบุประเด็นปัญหาทรัพยากรและสิ่งแวดล้อม,https://maejo365-my.sharepoint.com/:b:/g/personal/prinya_mju_ac_th/IQAXyOgl4u7pQqQM81Y6cgi3AfbnRQ2chCtwb_Zyp4g6f14?e=jA8y9S,https://maejo365-my.sharepoint.com/:b:/g/personal/prinya_mju_ac_th/IQAXyOgl4u7pQqQM81Y6cgi3AfbnRQ2chCtwb_Zyp4g6f14,microsoft_sharepoint_onedrive,personal_onedrive,prinya_mju_ac_th,AUTHENTICATED_REACHABLE,sharepoint_item_IQAXyOgl4u7p,binary_document,1,1.3,1.3.1|1.3.2|1.3.3,probable,medium,1,,high,P0_CRITICAL,central_sharepoint_evidence_library,2026-07-20T13:49:13.092364+07:00,Joomla article title maps to issue 1.3
SP-0044,36,1.4 กฎหมายและข้อกำหนดอื่นๆ ที่เกี่ยวข้อง,https://maejo365-my.sharepoint.com/:b:/g/personal/prinya_mju_ac_th/IQCrABhd9KJVRb7VDSYFHkSSARu_kPPHSfdJa79lFAPiVJc?e=lApdfb,https://maejo365-my.sharepoint.com/:b:/g/personal/prinya_mju_ac_th/IQCrABhd9KJVRb7VDSYFHkSSARu_kPPHSfdJa79lFAPiVJc,microsoft_sharepoint_onedrive,personal_onedrive,prinya_mju_ac_th,ACCESS_DENIED,1.4.1(1) ทะเบียนกฎหมายสิ่งแวดล้อม ปี 2568,binary_document,1,1.4,1.4.1|1.4.2,probable,medium,1,,critical,P0_CRITICAL,central_sharepoint_evidence_library,2026-07-20T13:49:13.092364+07:00,Joomla article title maps to issue 1.4
SP-0045,37,1.5 ข้อมูลก๊าซเรือนกระจก,https://maejo365-my.sharepoint.com/:b:/g/personal/prinya_mju_ac_th/IQBIROYaTmqSSqXAkTMn_cM0AWYIFrc6CV7fSWq4X0fQYeU?e=Mt967o,https://maejo365-my.sharepoint.com/:b:/g/personal/prinya_mju_ac_th/IQBIROYaTmqSSqXAkTMn_cM0AWYIFrc6CV7fSWq4X0fQYeU,microsoft_sharepoint_onedrive,personal_onedrive,prinya_mju_ac_th,ACCESS_DENIED,sharepoint_item_IQBIROYaTmqS,binary_document,1,1.5,1.5.1|1.5.2|1.5.3,probable,medium,1,,critical,P0_CRITICAL,central_sharepoint_evidence_library,2026-07-20T13:49:13.092364+07:00,Joomla article title maps to issue 1.5
SP-0046,37,1.5 ข้อมูลก๊าซเรือนกระจก,https://maejo365-my.sharepoint.com/:x:/g/personal/prinya_mju_ac_th/IQAYqO7zIhToQoY0jg0XMQ2KAVvO-4NpnWizfw0rCoNCJ6g?e=kV5Vzw,https://maejo365-my.sharepoint.com/:x:/g/personal/prinya_mju_ac_th/IQAYqO7zIhToQoY0jg0XMQ2KAVvO-4NpnWizfw0rCoNCJ6g,microsoft_sharepoint_onedrive,personal_onedrive,prinya_mju_ac_th,ACCESS_DENIED,- แบบฟอร์ม 1.5.1(1) ปี68,spreadsheet,1,1.5,1.5.1|1.5.2,probable,medium,1,,critical,P0_CRITICAL,central_sharepoint_evidence_library,2026-07-20T13:49:13.092364+07:00,"Anchor text ""- แบบฟอร์ม 1.5.1(1) ปี68"" matches indicator pattern"
SP-0047,37,1.5 ข้อมูลก๊าซเรือนกระจก,https://maejo365-my.sharepoint.com/:x:/g/personal/prinya_mju_ac_th/IQAh-Jq8-GxaR4R-x2BeYZKXAakh7ZBTFxTvJ2lGpPOkKNc?e=HudkSC,https://maejo365-my.sharepoint.com/:x:/g/personal/prinya_mju_ac_th/IQAh-Jq8-GxaR4R-x2BeYZKXAakh7ZBTFxTvJ2lGpPOkKNc,microsoft_sharepoint_onedrive,personal_onedrive,prinya_mju_ac_th,ACCESS_DENIED,- แบบฟอร์ม 1.5.1(2) ปี67-66,spreadsheet,1,1.5,1.5.1|1.5.2,probable,medium,1,,critical,P0_CRITICAL,central_sharepoint_evidence_library,2026-07-20T13:49:13.092364+07:00,"Anchor text ""- แบบฟอร์ม 1.5.1(2) ปี67-66"" matches indicator pattern"
SP-0048,37,1.5 ข้อมูลก๊าซเรือนกระจก,https://maejo365-my.sharepoint.com/:b:/g/personal/prinya_mju_ac_th/IQAbwr0kbFPGS5MAHjLoOXUbAU_VUdP_4MwMj4M125xys4Q?e=nZETeR,https://maejo365-my.sharepoint.com/:b:/g/personal/prinya_mju_ac_th/IQAbwr0kbFPGS5MAHjLoOXUbAU_VUdP_4MwMj4M125xys4Q,microsoft_sharepoint_onedrive,personal_onedrive,prinya_mju_ac_th,ACCESS_DENIED,sharepoint_item_IQAbwr0kbFPG,binary_document,1,1.5,1.5.1|1.5.2|1.5.3,probable,medium,1,,critical,P0_CRITICAL,central_sharepoint_evidence_library,2026-07-20T13:49:13.092364+07:00,Joomla article title maps to issue 1.5
SP-0049,38,1.6 แผนการดำเนินงานและโครงการเพื่อมุ่งสู่การลดก๊าซเรือนกระจก,https://maejo365-my.sharepoint.com/:b:/g/personal/prinya_mju_ac_th/IQA4hKaJNbp-T5UNHjqXmM1dAeeArtszlog4yJepvhHYvds?e=Sxm2CC,https://maejo365-my.sharepoint.com/:b:/g/personal/prinya_mju_ac_th/IQA4hKaJNbp-T5UNHjqXmM1dAeeArtszlog4yJepvhHYvds,microsoft_sharepoint_onedrive,personal_onedrive,prinya_mju_ac_th,ACCESS_DENIED,sharepoint_item_IQA4hKaJNbp-,binary_document,1,1.6,1.6.1|1.6.2,probable,medium,1,,critical,P0_CRITICAL,central_sharepoint_evidence_library,2026-07-20T13:49:13.092364+07:00,Joomla article title maps to issue 1.6
SP-0050,38,1.6 แผนการดำเนินงานและโครงการเพื่อมุ่งสู่การลดก๊าซเรือนกระจก,https://maejo365-my.sharepoint.com/:b:/g/personal/prinya_mju_ac_th/IQB21QQDfSNeRoXwgsVLxDQ0AdtTJXKPk0cQ0jzH4PO6rSM?e=skyZo9,https://maejo365-my.sharepoint.com/:b:/g/personal/prinya_mju_ac_th/IQB21QQDfSNeRoXwgsVLxDQ0AdtTJXKPk0cQ0jzH4PO6rSM,microsoft_sharepoint_onedrive,personal_onedrive,prinya_mju_ac_th,ACCESS_DENIED,sharepoint_item_IQB21QQDfSNe,binary_document,1,1.6,1.6.1|1.6.2,probable,medium,1,,critical,P0_CRITICAL,central_sharepoint_evidence_library,2026-07-20T13:49:13.092364+07:00,Joomla article title maps to issue 1.6
SP-0051,38,1.6 แผนการดำเนินงานและโครงการเพื่อมุ่งสู่การลดก๊าซเรือนกระจก,https://maejo365-my.sharepoint.com/:b:/g/personal/prinya_mju_ac_th/IQA_phQbCv3cT5ETq7o2n0vuAfOfO5v5YHTR5CcV0frbMT4?e=eBiedt,https://maejo365-my.sharepoint.com/:b:/g/personal/prinya_mju_ac_th/IQA_phQbCv3cT5ETq7o2n0vuAfOfO5v5YHTR5CcV0frbMT4,microsoft_sharepoint_onedrive,personal_onedrive,prinya_mju_ac_th,ACCESS_DENIED,1.6.2(1) รายงานโครงการสำนักงานสีเขียว กิจกรรม 5ส และ Big cleaning day 2025,binary_document,1,1.6,1.6.1|1.6.2,probable,medium,1,,critical,P0_CRITICAL,central_sharepoint_evidence_library,2026-07-20T13:49:13.092364+07:00,Joomla article title maps to issue 1.6
SP-0052,41,2.1 การอบรมให้ความรู้และประเมินความเข้าใจ,https://maejo365-my.sharepoint.com/:b:/g/personal/prinya_mju_ac_th/IQD097NPn2l0RqrRGP-1D6xAAclVYVd-MYrEQfIjjsankGI?e=mvh8Y8,https://maejo365-my.sharepoint.com/:b:/g/personal/prinya_mju_ac_th/IQD097NPn2l0RqrRGP-1D6xAAclVYVd-MYrEQfIjjsankGI,microsoft_sharepoint_onedrive,personal_onedrive,prinya_mju_ac_th,AUTHENTICATED_REACHABLE,sharepoint_item_IQD097NPn2l0,binary_document,2,2.1,2.1.1|2.1.2|2.1.3,probable,medium,1,,high,P0_CRITICAL,central_sharepoint_evidence_library,2026-07-20T13:49:13.092364+07:00,Joomla article title maps to issue 2.1
SP-0053,41,2.1 การอบรมให้ความรู้และประเมินความเข้าใจ,https://maejo365-my.sharepoint.com/:b:/g/personal/prinya_mju_ac_th/IQDbvViJK2zITrJKerTb5YlrAbAynSzQrAJOMS4Gwwp-qTw?e=aO9yGq,https://maejo365-my.sharepoint.com/:b:/g/personal/prinya_mju_ac_th/IQDbvViJK2zITrJKerTb5YlrAbAynSzQrAJOMS4Gwwp-qTw,microsoft_sharepoint_onedrive,personal_onedrive,prinya_mju_ac_th,AUTHENTICATED_REACHABLE,sharepoint_item_IQDbvViJK2zI,binary_document,2,2.1,2.1.1|2.1.2|2.1.3,probable,medium,1,,high,P0_CRITICAL,central_sharepoint_evidence_library,2026-07-20T13:49:13.092364+07:00,Joomla article title maps to issue 2.1
SP-0054,43,3.1 การใช้น้ำ,https://maejo365-my.sharepoint.com/:b:/g/personal/prinya_mju_ac_th/IQDzn-RPP_HjQZXJJFQXIHsrAXF49EtCX1g-oeUxBOZr_5Q?e=TeY34k,https://maejo365-my.sharepoint.com/:b:/g/personal/prinya_mju_ac_th/IQDzn-RPP_HjQZXJJFQXIHsrAXF49EtCX1g-oeUxBOZr_5Q,microsoft_sharepoint_onedrive,personal_onedrive,prinya_mju_ac_th,ACCESS_DENIED,sharepoint_item_IQDzn-RPP_Hj,binary_document,3,3.1,3.1.1|3.1.2|3.1.3,probable,medium,1,,critical,P0_CRITICAL,central_sharepoint_evidence_library,2026-07-20T13:49:13.092364+07:00,Joomla article title maps to issue 3.1
SP-0055,43,3.1 การใช้น้ำ,https://maejo365-my.sharepoint.com/:b:/g/personal/prinya_mju_ac_th/IQD0Ds-TUk-3S7EljZ71zE9BAXRfKW_LFaLuDEUMSMAjL8Q?e=j4XSuc,https://maejo365-my.sharepoint.com/:b:/g/personal/prinya_mju_ac_th/IQD0Ds-TUk-3S7EljZ71zE9BAXRfKW_LFaLuDEUMSMAjL8Q,microsoft_sharepoint_onedrive,personal_onedrive,prinya_mju_ac_th,ACCESS_DENIED,3.1.1(1) มาตรการแนวทางการใช้น้ำ,binary_document,3,3.1,3.1.1,probable,medium,1,,critical,P0_CRITICAL,central_sharepoint_evidence_library,2026-07-20T13:49:13.092364+07:00,"Anchor text ""3.1.1(1) มาตรการแนวทางการใช้น้ำ"" matches indicator pattern"
SP-0056,43,3.1 การใช้น้ำ,https://maejo365-my.sharepoint.com/:b:/g/personal/prinya_mju_ac_th/IQCCNm4xkOOoR5n4JWdgq5zIAWl9bzgITKr3vc3I7KEaMkM?e=dN5RQb,https://maejo365-my.sharepoint.com/:b:/g/personal/prinya_mju_ac_th/IQCCNm4xkOOoR5n4JWdgq5zIAWl9bzgITKr3vc3I7KEaMkM,microsoft_sharepoint_onedrive,personal_onedrive,prinya_mju_ac_th,ACCESS_DENIED,3.1.1(2) ปริมาณน้ำทิ้งจากเครื่องปรับอากาศ,binary_document,3,3.1,3.1.1|3.1.2|3.1.3,probable,medium,1,,critical,P0_CRITICAL,central_sharepoint_evidence_library,2026-07-20T13:49:13.092364+07:00,Joomla article title maps to issue 3.1
SP-0057,43,3.1 การใช้น้ำ,https://maejo365-my.sharepoint.com/:b:/g/personal/prinya_mju_ac_th/IQBZsx1N_x_qTZYrWDD_B37yAb6G5wMxGkZQdAtJaWIbkhk?e=dwwBOK,https://maejo365-my.sharepoint.com/:b:/g/personal/prinya_mju_ac_th/IQBZsx1N_x_qTZYrWDD_B37yAb6G5wMxGkZQdAtJaWIbkhk,microsoft_sharepoint_onedrive,personal_onedrive,prinya_mju_ac_th,ACCESS_DENIED,sharepoint_item_IQBZsx1N_x_q,binary_document,3,3.1,3.1.1|3.1.2|3.1.3,probable,medium,1,,critical,P0_CRITICAL,central_sharepoint_evidence_library,2026-07-20T13:49:13.092364+07:00,Joomla article title maps to issue 3.1
SP-0058,43,3.1 การใช้น้ำ,https://maejo365-my.sharepoint.com/:x:/g/personal/prinya_mju_ac_th/Ed9yefosFCFPh1H_0I0Mb0gBs07imx2AywWkmGDK3ZxkxQ?e=XJIRFa,https://maejo365-my.sharepoint.com/:x:/g/personal/prinya_mju_ac_th/Ed9yefosFCFPh1H_0I0Mb0gBs07imx2AywWkmGDK3ZxkxQ,microsoft_sharepoint_onedrive,personal_onedrive,prinya_mju_ac_th,ACCESS_DENIED,3.1.(1) ข้อมูลปริมาณการใช้น้ำและวิเคราะห์ผล .xlsx,spreadsheet,3,3.1,3.1.2,confirmed,high,1,,critical,P0_CRITICAL,dashboard_data_pipeline,2026-07-20T13:49:13.092364+07:00,"Anchor text ""3.1.(1) ข้อมูลปริมาณการใช้น้ำและวิเคราะห์ผล .xlsx"" matches indicator pattern"
SP-0059,43,3.1 การใช้น้ำ,https://maejo365-my.sharepoint.com/:b:/g/personal/prinya_mju_ac_th/IQAY7H4wPqgjS5FkYj_ckHcQAcC8J_n3s68go4t_SqukI0w?e=CthjM1,https://maejo365-my.sharepoint.com/:b:/g/personal/prinya_mju_ac_th/IQAY7H4wPqgjS5FkYj_ckHcQAcC8J_n3s68go4t_SqukI0w,microsoft_sharepoint_onedrive,personal_onedrive,prinya_mju_ac_th,ACCESS_DENIED,sharepoint_item_IQAY7H4wPqgj,binary_document,3,3.1,3.1.1|3.1.2|3.1.3,probable,medium,1,,critical,P0_CRITICAL,central_sharepoint_evidence_library,2026-07-20T13:49:13.092364+07:00,Joomla article title maps to issue 3.1
SP-0060,43,3.1 การใช้น้ำ,https://maejo365-my.sharepoint.com/:b:/g/personal/prinya_mju_ac_th/IQAIGzsXI7wsRZLi0Md58jvbAU5sPaONXomoYP-JlaKUxMQ?e=enSzP5,https://maejo365-my.sharepoint.com/:b:/g/personal/prinya_mju_ac_th/IQAIGzsXI7wsRZLi0Md58jvbAU5sPaONXomoYP-JlaKUxMQ,microsoft_sharepoint_onedrive,personal_onedrive,prinya_mju_ac_th,ACCESS_DENIED,3.1.3 การปฏิบัติตามมาตรการประหยัดน้ำในพื้นที่ทำงาน,binary_document,3,3.1,3.1.1,probable,medium,1,,critical,P0_CRITICAL,central_sharepoint_evidence_library,2026-07-20T13:49:13.092364+07:00,"Anchor text ""3.1.3 การปฏิบัติตามมาตรการประหยัดน้ำในพื้นที่ทำงาน"" matches indicator pattern"
SP-0061,44,3.2 การใช้พลังงาน,https://maejo365-my.sharepoint.com/:b:/g/personal/prinya_mju_ac_th/IQAUiuq5ih1EQ4TdIVKlRy1NAZfCvmD9L1rVyGrRNNHGFoA?e=RtsCxa,https://maejo365-my.sharepoint.com/:b:/g/personal/prinya_mju_ac_th/IQAUiuq5ih1EQ4TdIVKlRy1NAZfCvmD9L1rVyGrRNNHGFoA,microsoft_sharepoint_onedrive,personal_onedrive,prinya_mju_ac_th,AUTHENTICATED_REACHABLE,sharepoint_item_IQAUiuq5ih1E,binary_document,3,3.2,3.2.1|3.2.2|3.2.3|3.2.4|3.2.5,probable,medium,1,,high,P0_CRITICAL,central_sharepoint_evidence_library,2026-07-20T13:49:13.092364+07:00,Joomla article title maps to issue 3.2
SP-0062,44,3.2 การใช้พลังงาน,https://maejo365-my.sharepoint.com/:x:/g/personal/prinya_mju_ac_th/EQ1j2DbbdF9IkToyjdQL_QUBL6Lp80U6wlInRdYFcxeTEw?e=ueSGPL,https://maejo365-my.sharepoint.com/:x:/g/personal/prinya_mju_ac_th/EQ1j2DbbdF9IkToyjdQL_QUBL6Lp80U6wlInRdYFcxeTEw,microsoft_sharepoint_onedrive,personal_onedrive,prinya_mju_ac_th,ACCESS_DENIED,3.2.2(1) ข้อมูลการใช้ไฟฟ้าต่อหน่วยเปรียบเทียบกับเป้าหมาย และวิเคราะห์ผล .xlsx,spreadsheet,3,3.2,3.2.2,confirmed,high,1,,critical,P0_CRITICAL,dashboard_data_pipeline,2026-07-20T13:49:13.092364+07:00,"Anchor text ""3.2.2(1) ข้อมูลการใช้ไฟฟ้าต่อหน่วยเปรียบเทียบกับเป้าหมาย และ"" matches indicator pattern"
SP-0063,44,3.2 การใช้พลังงาน,https://maejo365-my.sharepoint.com/:b:/g/personal/prinya_mju_ac_th/IQCiFsghTHAXRqyFPKs1YR6ZAZTZfQjbkxyThTalLJySJ7E?e=CDMDQq,https://maejo365-my.sharepoint.com/:b:/g/personal/prinya_mju_ac_th/IQCiFsghTHAXRqyFPKs1YR6ZAZTZfQjbkxyThTalLJySJ7E,microsoft_sharepoint_onedrive,personal_onedrive,prinya_mju_ac_th,ACCESS_DENIED,3.2.4(2) รายงานการใช้รถยนต์,binary_document,3,3.2,3.2.1|3.2.2|3.2.3|3.2.4|3.2.5,probable,medium,1,,critical,P0_CRITICAL,central_sharepoint_evidence_library,2026-07-20T13:49:13.092364+07:00,Joomla article title maps to issue 3.2
SP-0064,44,3.2 การใช้พลังงาน,https://maejo365-my.sharepoint.com/:b:/g/personal/prinya_mju_ac_th/IQAXY8DDqNxLQaTTXff_pPQyARsqUVXbSs97F7VN6w-y1N8?e=ejZj6B,https://maejo365-my.sharepoint.com/:b:/g/personal/prinya_mju_ac_th/IQAXY8DDqNxLQaTTXff_pPQyARsqUVXbSs97F7VN6w-y1N8,microsoft_sharepoint_onedrive,personal_onedrive,prinya_mju_ac_th,ACCESS_DENIED,sharepoint_item_IQAXY8DDqNxL,binary_document,3,3.2,3.2.1|3.2.2|3.2.3|3.2.4|3.2.5,probable,medium,1,,critical,P0_CRITICAL,central_sharepoint_evidence_library,2026-07-20T13:49:13.092364+07:00,Joomla article title maps to issue 3.2
SP-0065,44,3.2 การใช้พลังงาน,https://maejo365-my.sharepoint.com/:x:/g/personal/prinya_mju_ac_th/Ef9KnXIYIxBLloJaAYZE9M0BfuBfKLQDXFi2fxgkY5hhOA?e=vvkaHX,https://maejo365-my.sharepoint.com/:x:/g/personal/prinya_mju_ac_th/Ef9KnXIYIxBLloJaAYZE9M0BfuBfKLQDXFi2fxgkY5hhOA,microsoft_sharepoint_onedrive,personal_onedrive,prinya_mju_ac_th,ACCESS_DENIED,3.2.5(1) ข้อมูลปริมาณการใช้น้ำมันเชื้อเพลิง .xlsx,spreadsheet,3,3.2,3.2.5,confirmed,high,1,,critical,P0_CRITICAL,dashboard_data_pipeline,2026-07-20T13:49:13.092364+07:00,"Anchor text ""3.2.5(1) ข้อมูลปริมาณการใช้น้ำมันเชื้อเพลิง .xlsx"" matches indicator pattern"
SP-0066,45,3.3 การใช้ทรัพยากรอื่นๆ,https://maejo365-my.sharepoint.com/:b:/g/personal/prinya_mju_ac_th/IQBzhX99A4zIQ7ZDwSij2bB1AaxPEp9t1VVfc21ReIdREtY?e=EuEbaf,https://maejo365-my.sharepoint.com/:b:/g/personal/prinya_mju_ac_th/IQBzhX99A4zIQ7ZDwSij2bB1AaxPEp9t1VVfc21ReIdREtY,microsoft_sharepoint_onedrive,personal_onedrive,prinya_mju_ac_th,ACCESS_DENIED,sharepoint_item_IQBzhX99A4zI,binary_document,3,3.3,3.3.1|3.3.2|3.3.3|3.3.4|3.3.5,probable,medium,1,,critical,P0_CRITICAL,central_sharepoint_evidence_library,2026-07-20T13:49:13.092364+07:00,Joomla article title maps to issue 3.3
SP-0067,45,3.3 การใช้ทรัพยากรอื่นๆ,https://maejo365-my.sharepoint.com/:x:/g/personal/prinya_mju_ac_th/EVVMU1k6JYpIvdpBuwIdxqYBffuE3T0sJLmUMbWSj7zfvg?e=gCZ0dV,https://maejo365-my.sharepoint.com/:x:/g/personal/prinya_mju_ac_th/EVVMU1k6JYpIvdpBuwIdxqYBffuE3T0sJLmUMbWSj7zfvg,microsoft_sharepoint_onedrive,personal_onedrive,prinya_mju_ac_th,ACCESS_DENIED,3.3.2(1) ข้อมูลปริมาณการใช้กระดาษ .xlsx,spreadsheet,3,3.3,3.3.2,confirmed,high,1,,critical,P0_CRITICAL,dashboard_data_pipeline,2026-07-20T13:49:13.092364+07:00,"Anchor text ""3.3.2(1) ข้อมูลปริมาณการใช้กระดาษ .xlsx"" matches indicator pattern"
SP-0068,47,4.1 การจัดการขยะ,https://maejo365-my.sharepoint.com/:b:/g/personal/prinya_mju_ac_th/IQAgR9yv1y6ZR4Rz-_UF_i6MAbfwDJvJ9fUhTMBa_P3lvps?e=IcrooX,https://maejo365-my.sharepoint.com/:b:/g/personal/prinya_mju_ac_th/IQAgR9yv1y6ZR4Rz-_UF_i6MAbfwDJvJ9fUhTMBa_P3lvps,microsoft_sharepoint_onedrive,personal_onedrive,prinya_mju_ac_th,ACCESS_DENIED,sharepoint_item_IQAgR9yv1y6Z,binary_document,4,4.1,4.1.1|4.1.2|4.1.3,probable,medium,1,,critical,P0_CRITICAL,central_sharepoint_evidence_library,2026-07-20T13:49:13.092364+07:00,Joomla article title maps to issue 4.1
SP-0069,47,4.1 การจัดการขยะ,https://maejo365-my.sharepoint.com/:b:/g/personal/prinya_mju_ac_th/IQDpbzu0scr6TbnDPvpKVyU0AXSuqCuApafOqFnNTI5gKHQ?e=rIWUcO,https://maejo365-my.sharepoint.com/:b:/g/personal/prinya_mju_ac_th/IQDpbzu0scr6TbnDPvpKVyU0AXSuqCuApafOqFnNTI5gKHQ,microsoft_sharepoint_onedrive,personal_onedrive,prinya_mju_ac_th,ACCESS_DENIED,sharepoint_item_IQDpbzu0scr6,binary_document,4,4.1,4.1.1|4.1.2|4.1.3,probable,medium,1,,critical,P0_CRITICAL,central_sharepoint_evidence_library,2026-07-20T13:49:13.092364+07:00,Joomla article title maps to issue 4.1
SP-0070,47,4.1 การจัดการขยะ,https://maejo365-my.sharepoint.com/:b:/g/personal/prinya_mju_ac_th/IQAdgwMBMcQ2R4V6eNxAXo-EAbRFEIqQo-dpdKbzKZ72yIw?e=mTXqwo,https://maejo365-my.sharepoint.com/:b:/g/personal/prinya_mju_ac_th/IQAdgwMBMcQ2R4V6eNxAXo-EAbRFEIqQo-dpdKbzKZ72yIw,microsoft_sharepoint_onedrive,personal_onedrive,prinya_mju_ac_th,ACCESS_DENIED,sharepoint_item_IQAdgwMBMcQ2,binary_document,4,4.1,4.1.1|4.1.2|4.1.3,probable,medium,1,,critical,P0_CRITICAL,central_sharepoint_evidence_library,2026-07-20T13:49:13.092364+07:00,Joomla article title maps to issue 4.1
SP-0071,49,5.1 อากาศในสำนักงาน,https://maejo365-my.sharepoint.com/:b:/g/personal/prinya_mju_ac_th/IQBMuFEWuvdcTI2yC7mhlKKNAcwWK5coEJwT-LEKdTdr1Ks?e=POuKSG,https://maejo365-my.sharepoint.com/:b:/g/personal/prinya_mju_ac_th/IQBMuFEWuvdcTI2yC7mhlKKNAcwWK5coEJwT-LEKdTdr1Ks,microsoft_sharepoint_onedrive,personal_onedrive,prinya_mju_ac_th,ACCESS_DENIED,sharepoint_item_IQBMuFEWuvdc,binary_document,5,5.1,5.1.1|5.1.2,probable,medium,1,,critical,P0_CRITICAL,central_sharepoint_evidence_library,2026-07-20T13:49:13.092364+07:00,Joomla article title maps to issue 5.1
SP-0072,49,5.1 อากาศในสำนักงาน,https://maejo365-my.sharepoint.com/:b:/g/personal/prinya_mju_ac_th/IQAkLcmBkFZkTY9i-ZAPajy9AZJya6uX3Ke0uoG-Iv8o8TU?e=ZRfCRs,https://maejo365-my.sharepoint.com/:b:/g/personal/prinya_mju_ac_th/IQAkLcmBkFZkTY9i-ZAPajy9AZJya6uX3Ke0uoG-Iv8o8TU,microsoft_sharepoint_onedrive,personal_onedrive,prinya_mju_ac_th,ACCESS_DENIED,5.1.1(1) แผนบำรุงรักษาประจำปี,binary_document,5,5.1,5.1.1|5.1.2,probable,medium,1,,critical,P0_CRITICAL,central_sharepoint_evidence_library,2026-07-20T13:49:13.092364+07:00,Joomla article title maps to issue 5.1
SP-0073,49,5.1 อากาศในสำนักงาน,https://maejo365-my.sharepoint.com/:b:/g/personal/prinya_mju_ac_th/IQBJjFKPU7AjTYOZ-oVrVG3YAU0zwDfYUgoD2rAVN-M43ek?e=ZOelCN,https://maejo365-my.sharepoint.com/:b:/g/personal/prinya_mju_ac_th/IQBJjFKPU7AjTYOZ-oVrVG3YAU0zwDfYUgoD2rAVN-M43ek,microsoft_sharepoint_onedrive,personal_onedrive,prinya_mju_ac_th,ACCESS_DENIED,5.1.1(2) การบำรุงรักษาเครื่องปรับอากาศ,binary_document,5,5.1,5.1.1|5.1.2,probable,medium,1,,critical,P0_CRITICAL,central_sharepoint_evidence_library,2026-07-20T13:49:13.092364+07:00,Joomla article title maps to issue 5.1
SP-0074,49,5.1 อากาศในสำนักงาน,https://maejo365-my.sharepoint.com/:b:/g/personal/prinya_mju_ac_th/IQD9ORVN0jkEQY0VZjD9YCePAagjlT6uJyY_i3EwbiU7J9U?e=7xfTXV,https://maejo365-my.sharepoint.com/:b:/g/personal/prinya_mju_ac_th/IQD9ORVN0jkEQY0VZjD9YCePAagjlT6uJyY_i3EwbiU7J9U,microsoft_sharepoint_onedrive,personal_onedrive,prinya_mju_ac_th,ACCESS_DENIED,5.1.1(3) แบบฟอร์มการทำความสะอาดเครื่องปรับอากาศ,binary_document,5,5.1,5.1.1|5.1.2,probable,medium,1,,critical,P0_CRITICAL,central_sharepoint_evidence_library,2026-07-20T13:49:13.092364+07:00,Joomla article title maps to issue 5.1
SP-0075,49,5.1 อากาศในสำนักงาน,https://maejo365-my.sharepoint.com/:b:/g/personal/prinya_mju_ac_th/IQAaYzsgW6avT5ZrHZy_duLkAUe2u0BzibuvDn49LFHiWDM?e=Z6Dj0b,https://maejo365-my.sharepoint.com/:b:/g/personal/prinya_mju_ac_th/IQAaYzsgW6avT5ZrHZy_duLkAUe2u0BzibuvDn49LFHiWDM,microsoft_sharepoint_onedrive,personal_onedrive,prinya_mju_ac_th,ACCESS_DENIED,5.1.1(4) แผนบำรุงรักษาเครื่องพริ้นเตอร์,binary_document,5,5.1,5.1.1|5.1.2,probable,medium,1,,critical,P0_CRITICAL,central_sharepoint_evidence_library,2026-07-20T13:49:13.092364+07:00,Joomla article title maps to issue 5.1
SP-0076,49,5.1 อากาศในสำนักงาน,https://maejo365-my.sharepoint.com/:b:/g/personal/prinya_mju_ac_th/IQA3LgYjbm1xRbGcdsJhvhZ9ASirLuHt5LdSCFFE9YlCRrI?e=J9ZQcF,https://maejo365-my.sharepoint.com/:b:/g/personal/prinya_mju_ac_th/IQA3LgYjbm1xRbGcdsJhvhZ9ASirLuHt5LdSCFFE9YlCRrI,microsoft_sharepoint_onedrive,personal_onedrive,prinya_mju_ac_th,ACCESS_DENIED,5.1.1(5) การบำรุงรักษาเครื่องพริ้นเตอร์,binary_document,5,5.1,5.1.1|5.1.2,probable,medium,1,,critical,P0_CRITICAL,central_sharepoint_evidence_library,2026-07-20T13:49:13.092364+07:00,Joomla article title maps to issue 5.1
SP-0077,49,5.1 อากาศในสำนักงาน,https://maejo365-my.sharepoint.com/:b:/g/personal/prinya_mju_ac_th/IQD3P2pLpCO8QZqjWzQeQInMAcsWnsMZd_gZ9vSrIwPjFhI?e=Io1X3p,https://maejo365-my.sharepoint.com/:b:/g/personal/prinya_mju_ac_th/IQD3P2pLpCO8QZqjWzQeQInMAcsWnsMZd_gZ9vSrIwPjFhI,microsoft_sharepoint_onedrive,personal_onedrive,prinya_mju_ac_th,ACCESS_DENIED,5.1.1(6) ฟอร์มทำความสะอาดเครื่องพริ้นเตอร์,binary_document,5,5.1,5.1.1|5.1.2,probable,medium,1,,critical,P0_CRITICAL,central_sharepoint_evidence_library,2026-07-20T13:49:13.092364+07:00,Joomla article title maps to issue 5.1
SP-0078,49,5.1 อากาศในสำนักงาน,https://maejo365-my.sharepoint.com/:b:/g/personal/prinya_mju_ac_th/IQB60Gpg0IcSTKDXIPAK8swvAcQm6o6tV1mHsgt_7CYYNMU?e=1nPEbR,https://maejo365-my.sharepoint.com/:b:/g/personal/prinya_mju_ac_th/IQB60Gpg0IcSTKDXIPAK8swvAcQm6o6tV1mHsgt_7CYYNMU,microsoft_sharepoint_onedrive,personal_onedrive,prinya_mju_ac_th,ACCESS_DENIED,5.1.1(7) การดูแลพรหมปูพื้นฯ,binary_document,5,5.1,5.1.1|5.1.2,probable,medium,1,,critical,P0_CRITICAL,central_sharepoint_evidence_library,2026-07-20T13:49:13.092364+07:00,Joomla article title maps to issue 5.1
SP-0079,49,5.1 อากาศในสำนักงาน,https://maejo365-my.sharepoint.com/:b:/g/personal/prinya_mju_ac_th/IQAzQGbdKqvqTq4g8wCp0OInAWkOjPHXSQ29M5p1UKtxx2k?e=qro4Di,https://maejo365-my.sharepoint.com/:b:/g/personal/prinya_mju_ac_th/IQAzQGbdKqvqTq4g8wCp0OInAWkOjPHXSQ29M5p1UKtxx2k,microsoft_sharepoint_onedrive,personal_onedrive,prinya_mju_ac_th,ACCESS_DENIED,5.1.1(8) การดูแลรักษาลิฟท์,binary_document,5,5.1,5.1.1|5.1.2,probable,medium,1,,critical,P0_CRITICAL,central_sharepoint_evidence_library,2026-07-20T13:49:13.092364+07:00,Joomla article title maps to issue 5.1
SP-0080,49,5.1 อากาศในสำนักงาน,https://maejo365-my.sharepoint.com/:b:/g/personal/prinya_mju_ac_th/IQDCokxxtxswToOVwtrGCJ1WAftTidFeM4Kj21eXPlUtJ0c?e=IJKi44,https://maejo365-my.sharepoint.com/:b:/g/personal/prinya_mju_ac_th/IQDCokxxtxswToOVwtrGCJ1WAftTidFeM4Kj21eXPlUtJ0c,microsoft_sharepoint_onedrive,personal_onedrive,prinya_mju_ac_th,ACCESS_DENIED,5.1.1(9) การควบคุมควันไอเสียจากเครื่องยนต์ฯ,binary_document,5,5.1,5.1.1|5.1.2,probable,medium,1,,critical,P0_CRITICAL,central_sharepoint_evidence_library,2026-07-20T13:49:13.092364+07:00,Joomla article title maps to issue 5.1
SP-0081,50,5.2 แสงในสำนักงาน,https://maejo365-my.sharepoint.com/:b:/g/personal/prinya_mju_ac_th/IQDHcMHzEkxGQbEY9Mcb1-94AX2vTT58dXsWBMcXRzMNaoQ?e=C2lvLY,https://maejo365-my.sharepoint.com/:b:/g/personal/prinya_mju_ac_th/IQDHcMHzEkxGQbEY9Mcb1-94AX2vTT58dXsWBMcXRzMNaoQ,microsoft_sharepoint_onedrive,personal_onedrive,prinya_mju_ac_th,ACCESS_DENIED,sharepoint_item_IQDHcMHzEkxG,binary_document,5,5.2,5.2.1|5.2.2,probable,medium,1,,critical,P0_CRITICAL,central_sharepoint_evidence_library,2026-07-20T13:49:13.092364+07:00,Joomla article title maps to issue 5.2
SP-0082,50,5.2 แสงในสำนักงาน,https://maejo365-my.sharepoint.com/:b:/g/personal/prinya_mju_ac_th/IQA2LjzA_ijdQIs-GiWl84HsARIEgTnrnLxLLd7SiBOLIU8?e=toml2h,https://maejo365-my.sharepoint.com/:b:/g/personal/prinya_mju_ac_th/IQA2LjzA_ijdQIs-GiWl84HsARIEgTnrnLxLLd7SiBOLIU8,microsoft_sharepoint_onedrive,personal_onedrive,prinya_mju_ac_th,ACCESS_DENIED,- 5.2.1(1) รายงานการวัดค่าแสงในที่ทำงาน,binary_document,5,5.2,5.2.1|5.2.2,probable,medium,1,,critical,P0_CRITICAL,central_sharepoint_evidence_library,2026-07-20T13:49:13.092364+07:00,Joomla article title maps to issue 5.2
SP-0083,51,5.3 เสียง,https://maejo365-my.sharepoint.com/:b:/g/personal/prinya_mju_ac_th/IQBGOFMBdqE8RLP5_WmLBkWeAQWSbNqhyn2cdyNCxuI0Wq0?e=zhsffL,https://maejo365-my.sharepoint.com/:b:/g/personal/prinya_mju_ac_th/IQBGOFMBdqE8RLP5_WmLBkWeAQWSbNqhyn2cdyNCxuI0Wq0,microsoft_sharepoint_onedrive,personal_onedrive,prinya_mju_ac_th,ACCESS_DENIED,- 5.3.1(1) มาตรการจัดการสภาพแวดล้อมในที่ทำงาน,binary_document,5,5.3,5.3.1,probable,medium,1,,critical,P0_CRITICAL,central_sharepoint_evidence_library,2026-07-20T13:49:13.092364+07:00,Joomla article title maps to issue 5.3
SP-0084,51,5.3 เสียง,https://maejo365-my.sharepoint.com/:b:/g/personal/prinya_mju_ac_th/IQBbBnaYUbzlT7W4J7hhJJmbAZjgdaJra-v104W4VWR0aqM?e=vw4VFa,https://maejo365-my.sharepoint.com/:b:/g/personal/prinya_mju_ac_th/IQBbBnaYUbzlT7W4J7hhJJmbAZjgdaJra-v104W4VWR0aqM,microsoft_sharepoint_onedrive,personal_onedrive,prinya_mju_ac_th,ACCESS_DENIED,- 5.3.2(1) มาตรการควบคุมการใข้พลังงานทรัพยากร,binary_document,5,5.3,5.3.1,probable,medium,1,,critical,P0_CRITICAL,central_sharepoint_evidence_library,2026-07-20T13:49:13.092364+07:00,Joomla article title maps to issue 5.3
SP-0085,52,5.4 ความน่าอยู่,https://maejo365-my.sharepoint.com/:b:/g/personal/prinya_mju_ac_th/IQCzgP0DnOsbT5d6S3B7_PXCARRMHCAarotc-O-IcdvBKDY?e=VEBteb,https://maejo365-my.sharepoint.com/:b:/g/personal/prinya_mju_ac_th/IQCzgP0DnOsbT5d6S3B7_PXCARRMHCAarotc-O-IcdvBKDY,microsoft_sharepoint_onedrive,personal_onedrive,prinya_mju_ac_th,ACCESS_DENIED,5.4.1(1) แผนดูแลพื้นที่สำนักงาน,binary_document,5,5.4,5.4.1,probable,medium,1,,critical,P0_CRITICAL,central_sharepoint_evidence_library,2026-07-20T13:49:13.092364+07:00,Joomla article title maps to issue 5.4
SP-0086,52,5.4 ความน่าอยู่,https://maejo365-my.sharepoint.com/:b:/g/personal/prinya_mju_ac_th/IQCKFpN0rG0EQoOzBukD6sYrAbFSXX8SIgUE0guNXZ8MisM?e=7wKLTg,https://maejo365-my.sharepoint.com/:b:/g/personal/prinya_mju_ac_th/IQCKFpN0rG0EQoOzBukD6sYrAbFSXX8SIgUE0guNXZ8MisM,microsoft_sharepoint_onedrive,personal_onedrive,prinya_mju_ac_th,ACCESS_DENIED,5.4.1(2) สัญญาต้างทำความสะอาด2569,binary_document,5,5.4,5.4.1,probable,medium,1,,critical,P0_CRITICAL,central_sharepoint_evidence_library,2026-07-20T13:49:13.092364+07:00,Joomla article title maps to issue 5.4
SP-0087,52,5.4 ความน่าอยู่,https://maejo365-my.sharepoint.com/:b:/g/personal/prinya_mju_ac_th/IQC1VjN2SmiKSpM47bDlzlpYAT9unmvj02hyNITeZi0iQT4?e=tlrKHL,https://maejo365-my.sharepoint.com/:b:/g/personal/prinya_mju_ac_th/IQC1VjN2SmiKSpM47bDlzlpYAT9unmvj02hyNITeZi0iQT4,microsoft_sharepoint_onedrive,personal_onedrive,prinya_mju_ac_th,ACCESS_DENIED,5.4.1(3) สัญญาจ้างทำความสะอาด2568,binary_document,5,5.4,5.4.1,probable,medium,1,,critical,P0_CRITICAL,central_sharepoint_evidence_library,2026-07-20T13:49:13.092364+07:00,Joomla article title maps to issue 5.4
SP-0088,52,5.4 ความน่าอยู่,https://maejo365-my.sharepoint.com/:b:/g/personal/prinya_mju_ac_th/IQAbC_A0pT0RQox0lwZmTznLAbiY5J4Ikb20JGRSHKKLCfs?e=ipyoxN,https://maejo365-my.sharepoint.com/:b:/g/personal/prinya_mju_ac_th/IQAbC_A0pT0RQox0lwZmTznLAbiY5J4Ikb20JGRSHKKLCfs,microsoft_sharepoint_onedrive,personal_onedrive,prinya_mju_ac_th,ACCESS_DENIED,- 5.4.2(1) พื้นที่สีเขียว,binary_document,5,5.4,5.4.1,probable,medium,1,,critical,P0_CRITICAL,central_sharepoint_evidence_library,2026-07-20T13:49:13.092364+07:00,Joomla article title maps to issue 5.4
SP-0089,52,5.4 ความน่าอยู่,https://maejo365-my.sharepoint.com/:b:/g/personal/prinya_mju_ac_th/IQB8JQs_npHbSKgjtN_LtN3tAZBLSjKr55LZuRQbgVNRa9w?e=D0YMaa,https://maejo365-my.sharepoint.com/:b:/g/personal/prinya_mju_ac_th/IQB8JQs_npHbSKgjtN_LtN3tAZBLSjKr55LZuRQbgVNRa9w,microsoft_sharepoint_onedrive,personal_onedrive,prinya_mju_ac_th,ACCESS_DENIED,- 5.4.3(1) กิจกรรม Big cleaning day,binary_document,5,5.4,5.4.1,probable,medium,1,,critical,P0_CRITICAL,central_sharepoint_evidence_library,2026-07-20T13:49:13.092364+07:00,Joomla article title maps to issue 5.4
SP-0090,52,5.4 ความน่าอยู่,https://maejo365-my.sharepoint.com/:b:/g/personal/prinya_mju_ac_th/IQDFvxCQrCOrRJpF8j8cAR2NAWd54JOMcPOKGBoVdcCzmFw?e=hRp3WU,https://maejo365-my.sharepoint.com/:b:/g/personal/prinya_mju_ac_th/IQDFvxCQrCOrRJpF8j8cAR2NAWd54JOMcPOKGBoVdcCzmFw,microsoft_sharepoint_onedrive,personal_onedrive,prinya_mju_ac_th,ACCESS_DENIED,- 5.4.3(2) กิจกรรม 5ส,binary_document,5,5.4,5.4.1,probable,medium,1,,critical,P0_CRITICAL,central_sharepoint_evidence_library,2026-07-20T13:49:13.092364+07:00,Joomla article title maps to issue 5.4
SP-0091,52,5.4 ความน่าอยู่,https://maejo365-my.sharepoint.com/:b:/g/personal/prinya_mju_ac_th/IQCpAe4DIB1AT5UdXdQLzuLNAZGRFcJc9fExE9ERJQ4DtGA?e=UgxooM,https://maejo365-my.sharepoint.com/:b:/g/personal/prinya_mju_ac_th/IQCpAe4DIB1AT5UdXdQLzuLNAZGRFcJc9fExE9ERJQ4DtGA,microsoft_sharepoint_onedrive,personal_onedrive,prinya_mju_ac_th,ACCESS_DENIED,- 5.4.4(1) แผนควบคุมสัตว์พาหะนำเชื้อ ชั้น1,binary_document,5,5.4,5.4.1,probable,medium,1,,critical,P0_CRITICAL,central_sharepoint_evidence_library,2026-07-20T13:49:13.092364+07:00,Joomla article title maps to issue 5.4
SP-0092,52,5.4 ความน่าอยู่,https://maejo365-my.sharepoint.com/:b:/g/personal/prinya_mju_ac_th/IQABBXSIL1jxQLjm5kgdBQd5AZcV3UzF-O38V-i1t2oY_50?e=IYbxmA,https://maejo365-my.sharepoint.com/:b:/g/personal/prinya_mju_ac_th/IQABBXSIL1jxQLjm5kgdBQd5AZcV3UzF-O38V-i1t2oY_50,microsoft_sharepoint_onedrive,personal_onedrive,prinya_mju_ac_th,ACCESS_DENIED,- 5.4.4(2) แผนควบคุมสัตว์พาหะนำเชื้อ ชั้น2,binary_document,5,5.4,5.4.1,probable,medium,1,,critical,P0_CRITICAL,central_sharepoint_evidence_library,2026-07-20T13:49:13.092364+07:00,Joomla article title maps to issue 5.4
SP-0093,52,5.4 ความน่าอยู่,https://maejo365-my.sharepoint.com/:b:/g/personal/prinya_mju_ac_th/IQAbc34Wlp-IT6uFLmpgI6RlAcAzMJ0gGy5bjLPriDri2UM?e=QczbYv,https://maejo365-my.sharepoint.com/:b:/g/personal/prinya_mju_ac_th/IQAbc34Wlp-IT6uFLmpgI6RlAcAzMJ0gGy5bjLPriDri2UM,microsoft_sharepoint_onedrive,personal_onedrive,prinya_mju_ac_th,ACCESS_DENIED,- 5.4.4(3) แผนควบคุมสัตว์พาหะนำเชื้อ ชั้น3,binary_document,5,5.4,5.4.1,probable,medium,1,,critical,P0_CRITICAL,central_sharepoint_evidence_library,2026-07-20T13:49:13.092364+07:00,Joomla article title maps to issue 5.4
SP-0094,53,5.5 การเตรียมพร้อมต่อสภาวะฉุกเฉิน,https://maejo365-my.sharepoint.com/:b:/g/personal/prinya_mju_ac_th/IQBLyMgFZ9l2R6xq3G47ObaLAcKTeYdF-DqMfqYOMpWPsFs?e=M1cw3O,https://maejo365-my.sharepoint.com/:b:/g/personal/prinya_mju_ac_th/IQBLyMgFZ9l2R6xq3G47ObaLAcKTeYdF-DqMfqYOMpWPsFs,microsoft_sharepoint_onedrive,personal_onedrive,prinya_mju_ac_th,ACCESS_DENIED,5.5.1(2) แผนผังอาคารฯ,binary_document,5,5.5,5.5.1,probable,medium,1,,critical,P0_CRITICAL,central_sharepoint_evidence_library,2026-07-20T13:49:13.092364+07:00,Joomla article title maps to issue 5.5
SP-0095,53,5.5 การเตรียมพร้อมต่อสภาวะฉุกเฉิน,https://maejo365-my.sharepoint.com/:b:/g/personal/prinya_mju_ac_th/IQA9W-dh2xA_SJQtFZUtR7j3AfQ8RTYgg3lg20B8ZPtA3R8?e=cVTPXj,https://maejo365-my.sharepoint.com/:b:/g/personal/prinya_mju_ac_th/IQA9W-dh2xA_SJQtFZUtR7j3AfQ8RTYgg3lg20B8ZPtA3R8,microsoft_sharepoint_onedrive,personal_onedrive,prinya_mju_ac_th,ACCESS_DENIED,5.5.1(3) ป้ายทางหนีไฟ,binary_document,5,5.5,5.5.1,probable,medium,1,,critical,P0_CRITICAL,central_sharepoint_evidence_library,2026-07-20T13:49:13.092364+07:00,Joomla article title maps to issue 5.5
SP-0096,53,5.5 การเตรียมพร้อมต่อสภาวะฉุกเฉิน,https://maejo365-my.sharepoint.com/:b:/g/personal/prinya_mju_ac_th/IQCOtDGRe7iNRphHDapltRvYAfSGf5T54l6oCXlQnxtnT4Q?e=qAmldq,https://maejo365-my.sharepoint.com/:b:/g/personal/prinya_mju_ac_th/IQCOtDGRe7iNRphHDapltRvYAfSGf5T54l6oCXlQnxtnT4Q,microsoft_sharepoint_onedrive,personal_onedrive,prinya_mju_ac_th,ACCESS_DENIED,5.5.1(4) ธงนำทาง,binary_document,5,5.5,5.5.1,probable,medium,1,,critical,P0_CRITICAL,central_sharepoint_evidence_library,2026-07-20T13:49:13.092364+07:00,Joomla article title maps to issue 5.5
SP-0097,53,5.5 การเตรียมพร้อมต่อสภาวะฉุกเฉิน,https://maejo365-my.sharepoint.com/:b:/g/personal/prinya_mju_ac_th/IQDqmDLPX1kVSLzmm_TZilh6AVQqINSXGPijRpYpCWRjNTc?e=ubgtn1,https://maejo365-my.sharepoint.com/:b:/g/personal/prinya_mju_ac_th/IQDqmDLPX1kVSLzmm_TZilh6AVQqINSXGPijRpYpCWRjNTc,microsoft_sharepoint_onedrive,personal_onedrive,prinya_mju_ac_th,ACCESS_DENIED,5.5.1(5) จุดรวมพล,binary_document,5,5.5,5.5.1,probable,medium,1,,critical,P0_CRITICAL,central_sharepoint_evidence_library,2026-07-20T13:49:13.092364+07:00,Joomla article title maps to issue 5.5
SP-0098,53,5.5 การเตรียมพร้อมต่อสภาวะฉุกเฉิน,https://maejo365-my.sharepoint.com/:b:/g/personal/prinya_mju_ac_th/IQDkLnQJM1qtRKZ4jAcY-cMIAZNcrWNIjv2Isdtg2LoO1c4?e=2YP0Vn,https://maejo365-my.sharepoint.com/:b:/g/personal/prinya_mju_ac_th/IQDkLnQJM1qtRKZ4jAcY-cMIAZNcrWNIjv2Isdtg2LoO1c4,microsoft_sharepoint_onedrive,personal_onedrive,prinya_mju_ac_th,ACCESS_DENIED,5.5.1(6) ภาพกิจกรรม,binary_document,5,5.5,5.5.1,probable,medium,1,,critical,P0_CRITICAL,central_sharepoint_evidence_library,2026-07-20T13:49:13.092364+07:00,Joomla article title maps to issue 5.5
SP-0099,53,5.5 การเตรียมพร้อมต่อสภาวะฉุกเฉิน,https://maejo365-my.sharepoint.com/:b:/g/personal/prinya_mju_ac_th/IQCUOvRsII7ETpIC1LoRMaCQAUVI3R8SPHd3DGHnyLLXR4c?e=tRq6Pp,https://maejo365-my.sharepoint.com/:b:/g/personal/prinya_mju_ac_th/IQCUOvRsII7ETpIC1LoRMaCQAUVI3R8SPHd3DGHnyLLXR4c,microsoft_sharepoint_onedrive,personal_onedrive,prinya_mju_ac_th,ACCESS_DENIED,5.5.1(7) หลักฐานใบประกาศณียบัตรฯ,binary_document,5,5.5,5.5.1,probable,medium,1,,critical,P0_CRITICAL,central_sharepoint_evidence_library,2026-07-20T13:49:13.092364+07:00,Joomla article title maps to issue 5.5
SP-0100,53,5.5 การเตรียมพร้อมต่อสภาวะฉุกเฉิน,https://maejo365-my.sharepoint.com/:b:/g/personal/prinya_mju_ac_th/IQBIKPrJibpWQ7hDVyTuk4FiAWu_5bW9Cf0NJ3CgBv-70vM?e=rEuX9a,https://maejo365-my.sharepoint.com/:b:/g/personal/prinya_mju_ac_th/IQBIKPrJibpWQ7hDVyTuk4FiAWu_5bW9Cf0NJ3CgBv-70vM,microsoft_sharepoint_onedrive,personal_onedrive,prinya_mju_ac_th,ACCESS_DENIED,5.5.2(1) แผนฉุกเฉินปี 2568,binary_document,5,5.5,5.5.1,probable,medium,1,,critical,P0_CRITICAL,central_sharepoint_evidence_library,2026-07-20T13:49:13.092364+07:00,Joomla article title maps to issue 5.5
SP-0101,53,5.5 การเตรียมพร้อมต่อสภาวะฉุกเฉิน,https://maejo365-my.sharepoint.com/:b:/g/personal/prinya_mju_ac_th/IQDdDX0OqcniQ4Euz7elM53RAXLzdW_IzvAn1Cdg2o6WoTs?e=oRTrcz,https://maejo365-my.sharepoint.com/:b:/g/personal/prinya_mju_ac_th/IQDdDX0OqcniQ4Euz7elM53RAXLzdW_IzvAn1Cdg2o6WoTs,microsoft_sharepoint_onedrive,personal_onedrive,prinya_mju_ac_th,ACCESS_DENIED,5.5.2(2) แผนป้องกันและระงับอักคีภัย,binary_document,5,5.5,5.5.1,probable,medium,1,,critical,P0_CRITICAL,central_sharepoint_evidence_library,2026-07-20T13:49:13.092364+07:00,Joomla article title maps to issue 5.5
SP-0102,53,5.5 การเตรียมพร้อมต่อสภาวะฉุกเฉิน,https://maejo365-my.sharepoint.com/:b:/g/personal/prinya_mju_ac_th/IQASdsO9td6CQo_fh6lIKkvYAZIlFqrgEPIW90d0rXaKfTo?e=NCdjsz,https://maejo365-my.sharepoint.com/:b:/g/personal/prinya_mju_ac_th/IQASdsO9td6CQo_fh6lIKkvYAZIlFqrgEPIW90d0rXaKfTo,microsoft_sharepoint_onedrive,personal_onedrive,prinya_mju_ac_th,ACCESS_DENIED,5.5.3(1)-ความเพียงพอและพร้อมใช้อุปกรณ์ดับเพลิง,binary_document,5,5.5,5.5.1,probable,medium,1,,critical,P0_CRITICAL,central_sharepoint_evidence_library,2026-07-20T13:49:13.092364+07:00,Joomla article title maps to issue 5.5
SP-0103,53,5.5 การเตรียมพร้อมต่อสภาวะฉุกเฉิน,https://maejo365-my.sharepoint.com/:b:/g/personal/prinya_mju_ac_th/IQB61IkZiiTyRopxtfSsnPcAAY0WnfGfRbr7oKtOKRhQtDc?e=RK3dDa,https://maejo365-my.sharepoint.com/:b:/g/personal/prinya_mju_ac_th/IQB61IkZiiTyRopxtfSsnPcAAY0WnfGfRbr7oKtOKRhQtDc,microsoft_sharepoint_onedrive,personal_onedrive,prinya_mju_ac_th,ACCESS_DENIED,5.5.3(2) บันทึกการตรวจสภาพถังดับเพลิง ชั้น1,binary_document,5,5.5,5.5.1,probable,medium,1,,critical,P0_CRITICAL,central_sharepoint_evidence_library,2026-07-20T13:49:13.092364+07:00,Joomla article title maps to issue 5.5
SP-0104,53,5.5 การเตรียมพร้อมต่อสภาวะฉุกเฉิน,https://maejo365-my.sharepoint.com/:b:/g/personal/prinya_mju_ac_th/IQA3e3_RMpeCR78f7yyGVLRHAeWWwzmFaT_VMOWsmfR0ysc?e=pM2Y4b,https://maejo365-my.sharepoint.com/:b:/g/personal/prinya_mju_ac_th/IQA3e3_RMpeCR78f7yyGVLRHAeWWwzmFaT_VMOWsmfR0ysc,microsoft_sharepoint_onedrive,personal_onedrive,prinya_mju_ac_th,ACCESS_DENIED,5.5.3(3) รายงานการตรวจสภาพถังดับเพลิง ชั้น1,binary_document,5,5.5,5.5.1,probable,medium,1,,critical,P0_CRITICAL,central_sharepoint_evidence_library,2026-07-20T13:49:13.092364+07:00,Joomla article title maps to issue 5.5
SP-0105,53,5.5 การเตรียมพร้อมต่อสภาวะฉุกเฉิน,https://maejo365-my.sharepoint.com/:b:/g/personal/prinya_mju_ac_th/IQDcRXllHXiFTo8K9-NUVdoZAQMopUxpR_Pq3r5Czsl4AIg?e=kS0nRn,https://maejo365-my.sharepoint.com/:b:/g/personal/prinya_mju_ac_th/IQDcRXllHXiFTo8K9-NUVdoZAQMopUxpR_Pq3r5Czsl4AIg,microsoft_sharepoint_onedrive,personal_onedrive,prinya_mju_ac_th,ACCESS_DENIED,5.5.3(4) บันทึกการตรวจสภาพถังดับเพลิง ชั้น2,binary_document,5,5.5,5.5.1,probable,medium,1,,critical,P0_CRITICAL,central_sharepoint_evidence_library,2026-07-20T13:49:13.092364+07:00,Joomla article title maps to issue 5.5
SP-0106,53,5.5 การเตรียมพร้อมต่อสภาวะฉุกเฉิน,https://maejo365-my.sharepoint.com/:b:/g/personal/prinya_mju_ac_th/IQBGoDv_ck6mRqh9W-Q6rwTIAcCBp1t0bjx-pgw6Q2F0HY4?e=6lvXfl,https://maejo365-my.sharepoint.com/:b:/g/personal/prinya_mju_ac_th/IQBGoDv_ck6mRqh9W-Q6rwTIAcCBp1t0bjx-pgw6Q2F0HY4,microsoft_sharepoint_onedrive,personal_onedrive,prinya_mju_ac_th,ACCESS_DENIED,5.5.3(5) รายงานการตรวจสภาพถังดับเพลิง ชั้น2,binary_document,5,5.5,5.5.1,probable,medium,1,,critical,P0_CRITICAL,central_sharepoint_evidence_library,2026-07-20T13:49:13.092364+07:00,Joomla article title maps to issue 5.5
SP-0107,53,5.5 การเตรียมพร้อมต่อสภาวะฉุกเฉิน,https://maejo365-my.sharepoint.com/:b:/g/personal/prinya_mju_ac_th/IQA9fYLXRKT-R7Zx7dUD3woXASUw6Mxxq8Sl3cjB3EqO7_o?e=BwTNHu,https://maejo365-my.sharepoint.com/:b:/g/personal/prinya_mju_ac_th/IQA9fYLXRKT-R7Zx7dUD3woXASUw6Mxxq8Sl3cjB3EqO7_o,microsoft_sharepoint_onedrive,personal_onedrive,prinya_mju_ac_th,ACCESS_DENIED,5.5.3(6) บันทึกการตรวจสภาพถังดับเพลิง ชั้น3,binary_document,5,5.5,5.5.1,probable,medium,1,,critical,P0_CRITICAL,central_sharepoint_evidence_library,2026-07-20T13:49:13.092364+07:00,Joomla article title maps to issue 5.5
SP-0108,53,5.5 การเตรียมพร้อมต่อสภาวะฉุกเฉิน,https://maejo365-my.sharepoint.com/:b:/g/personal/prinya_mju_ac_th/IQCmQSDlMaw8TK4lsNrf2NczAdNDBdvYYLdLMXeRpUSD8Ag?e=ww58Rk,https://maejo365-my.sharepoint.com/:b:/g/personal/prinya_mju_ac_th/IQCmQSDlMaw8TK4lsNrf2NczAdNDBdvYYLdLMXeRpUSD8Ag,microsoft_sharepoint_onedrive,personal_onedrive,prinya_mju_ac_th,ACCESS_DENIED,5.5.3(7) รายงานการตรวจสภาพถังดับเพลิง ชั้น3,binary_document,5,5.5,5.5.1,probable,medium,1,,critical,P0_CRITICAL,central_sharepoint_evidence_library,2026-07-20T13:49:13.092364+07:00,Joomla article title maps to issue 5.5
SP-0109,53,5.5 การเตรียมพร้อมต่อสภาวะฉุกเฉิน,https://maejo365-my.sharepoint.com/:b:/g/personal/prinya_mju_ac_th/IQD0WNAKCu6oT7wR3_Hf2fowAZHIj_nxrwypJ7cgCmoJaMk?e=lElWRR,https://maejo365-my.sharepoint.com/:b:/g/personal/prinya_mju_ac_th/IQD0WNAKCu6oT7wR3_Hf2fowAZHIj_nxrwypJ7cgCmoJaMk,microsoft_sharepoint_onedrive,personal_onedrive,prinya_mju_ac_th,ACCESS_DENIED,5.5.3(8) รายงานตู้สาบดับเพลิง ชั้น1,binary_document,5,5.5,5.5.1,probable,medium,1,,critical,P0_CRITICAL,central_sharepoint_evidence_library,2026-07-20T13:49:13.092364+07:00,Joomla article title maps to issue 5.5
SP-0110,53,5.5 การเตรียมพร้อมต่อสภาวะฉุกเฉิน,https://maejo365-my.sharepoint.com/:b:/g/personal/prinya_mju_ac_th/IQAcMrWi_xenRIPVsOfrj4y7AdmF6o4KBGAWic_qGQK7W1E?e=fbkcOB,https://maejo365-my.sharepoint.com/:b:/g/personal/prinya_mju_ac_th/IQAcMrWi_xenRIPVsOfrj4y7AdmF6o4KBGAWic_qGQK7W1E,microsoft_sharepoint_onedrive,personal_onedrive,prinya_mju_ac_th,ACCESS_DENIED,5.5.3(9) รายงานตู้สาบดับเพลิง ชั้น2,binary_document,5,5.5,5.5.1,probable,medium,1,,critical,P0_CRITICAL,central_sharepoint_evidence_library,2026-07-20T13:49:13.092364+07:00,Joomla article title maps to issue 5.5
SP-0111,53,5.5 การเตรียมพร้อมต่อสภาวะฉุกเฉิน,https://maejo365-my.sharepoint.com/:b:/g/personal/prinya_mju_ac_th/IQCwWmFQf33gQpx_Vpd0veWYARR14juQskzU-DOVASwhNdM?e=DXardm,https://maejo365-my.sharepoint.com/:b:/g/personal/prinya_mju_ac_th/IQCwWmFQf33gQpx_Vpd0veWYARR14juQskzU-DOVASwhNdM,microsoft_sharepoint_onedrive,personal_onedrive,prinya_mju_ac_th,ACCESS_DENIED,5.5.3(10) รายงานตู้สาบดับเพลิง ชั้น3,binary_document,5,5.5,5.5.1,probable,medium,1,,critical,P0_CRITICAL,central_sharepoint_evidence_library,2026-07-20T13:49:13.092364+07:00,Joomla article title maps to issue 5.5
SP-0112,54,6.1 การจัดซื้อสินค้า,https://maejo365-my.sharepoint.com/:b:/g/personal/prinya_mju_ac_th/IQD7Q-1zxvk5SoVdXuYoZK3SATbvoxDZJI1Zq13Ova57zpA?e=ziIwtL,https://maejo365-my.sharepoint.com/:b:/g/personal/prinya_mju_ac_th/IQD7Q-1zxvk5SoVdXuYoZK3SATbvoxDZJI1Zq13Ova57zpA,microsoft_sharepoint_onedrive,personal_onedrive,prinya_mju_ac_th,ACCESS_DENIED,sharepoint_item_IQD7Q-1zxvk5,binary_document,6,6.1,6.1.1,probable,medium,1,,critical,P0_CRITICAL,central_sharepoint_evidence_library,2026-07-20T13:49:13.092364+07:00,Joomla article title maps to issue 6.1
SP-0113,54,6.1 การจัดซื้อสินค้า,https://maejo365-my.sharepoint.com/:b:/g/personal/prinya_mju_ac_th/IQBOZFgcmNhEQaxiMYdwFL92AZH89HEKIdYmBz9SYcQxS48?e=N8IWZk,https://maejo365-my.sharepoint.com/:b:/g/personal/prinya_mju_ac_th/IQBOZFgcmNhEQaxiMYdwFL92AZH89HEKIdYmBz9SYcQxS48,microsoft_sharepoint_onedrive,personal_onedrive,prinya_mju_ac_th,ACCESS_DENIED,6.1.1(1),binary_document,6,6.1,6.1.1,probable,medium,1,,critical,P0_CRITICAL,central_sharepoint_evidence_library,2026-07-20T13:49:13.092364+07:00,Joomla article title maps to issue 6.1
SP-0114,54,6.1 การจัดซื้อสินค้า,https://maejo365-my.sharepoint.com/:b:/g/personal/prinya_mju_ac_th/IQC90BTv-312RaHCwVPM20qRAc9Y2OI1ssoEy9mNs1KEUWQ?e=mOV72F,https://maejo365-my.sharepoint.com/:b:/g/personal/prinya_mju_ac_th/IQC90BTv-312RaHCwVPM20qRAc9Y2OI1ssoEy9mNs1KEUWQ,microsoft_sharepoint_onedrive,personal_onedrive,prinya_mju_ac_th,ACCESS_DENIED,6.1.1(2),binary_document,6,6.1,6.1.1,probable,medium,1,,critical,P0_CRITICAL,central_sharepoint_evidence_library,2026-07-20T13:49:13.092364+07:00,Joomla article title maps to issue 6.1
SP-0115,54,6.1 การจัดซื้อสินค้า,https://maejo365-my.sharepoint.com/:b:/g/personal/prinya_mju_ac_th/IQD-H6wzztesS6NAJAtzchbAAdDnAvXh7r23D2OGuORF6SY?e=IlciJK,https://maejo365-my.sharepoint.com/:b:/g/personal/prinya_mju_ac_th/IQD-H6wzztesS6NAJAtzchbAAdDnAvXh7r23D2OGuORF6SY,microsoft_sharepoint_onedrive,personal_onedrive,prinya_mju_ac_th,ACCESS_DENIED,6.1.1(3)1,binary_document,6,6.1,6.1.1,probable,medium,1,,critical,P0_CRITICAL,central_sharepoint_evidence_library,2026-07-20T13:49:13.092364+07:00,Joomla article title maps to issue 6.1
SP-0116,54,6.1 การจัดซื้อสินค้า,https://maejo365-my.sharepoint.com/:b:/g/personal/prinya_mju_ac_th/IQDvleGZp0ybR5lcUI9sb9oFAY_UNKISfNPWU9MIoaQEmig?e=2UHyfL,https://maejo365-my.sharepoint.com/:b:/g/personal/prinya_mju_ac_th/IQDvleGZp0ybR5lcUI9sb9oFAY_UNKISfNPWU9MIoaQEmig,microsoft_sharepoint_onedrive,personal_onedrive,prinya_mju_ac_th,AUTHENTICATED_REACHABLE,6.1.1(3)2,binary_document,6,6.1,6.1.1,probable,medium,1,,high,P0_CRITICAL,central_sharepoint_evidence_library,2026-07-20T13:49:13.092364+07:00,Joomla article title maps to issue 6.1
SP-0117,54,6.1 การจัดซื้อสินค้า,https://maejo365-my.sharepoint.com/:b:/g/personal/prinya_mju_ac_th/IQAqpU1lyx2_QorSOqJ9vj3pAc-moB-mprTMMgVbS5L9ZHU?e=dJ1lIl,https://maejo365-my.sharepoint.com/:b:/g/personal/prinya_mju_ac_th/IQAqpU1lyx2_QorSOqJ9vj3pAc-moB-mprTMMgVbS5L9ZHU,microsoft_sharepoint_onedrive,personal_onedrive,prinya_mju_ac_th,ACCESS_DENIED,6.1.1(4)1,binary_document,6,6.1,6.1.1,probable,medium,1,,critical,P0_CRITICAL,central_sharepoint_evidence_library,2026-07-20T13:49:13.092364+07:00,Joomla article title maps to issue 6.1
SP-0118,54,6.1 การจัดซื้อสินค้า,https://maejo365-my.sharepoint.com/:b:/g/personal/prinya_mju_ac_th/IQD97U15MVArQ7zZ9U4aRv53AVEz9HGidF4lRJSc5S0I3W8?e=BthfkK,https://maejo365-my.sharepoint.com/:b:/g/personal/prinya_mju_ac_th/IQD97U15MVArQ7zZ9U4aRv53AVEz9HGidF4lRJSc5S0I3W8,microsoft_sharepoint_onedrive,personal_onedrive,prinya_mju_ac_th,ACCESS_DENIED,6.1.1(4)2,binary_document,6,6.1,6.1.1,probable,medium,1,,critical,P0_CRITICAL,central_sharepoint_evidence_library,2026-07-20T13:49:13.092364+07:00,Joomla article title maps to issue 6.1
SP-0119,54,6.1 การจัดซื้อสินค้า,https://maejo365-my.sharepoint.com/:b:/g/personal/prinya_mju_ac_th/IQDUD8lqzCVEQor9rv29RdfGAU5wqR4pgXJgONPR9zAgm2A?e=VdNo5r,https://maejo365-my.sharepoint.com/:b:/g/personal/prinya_mju_ac_th/IQDUD8lqzCVEQor9rv29RdfGAU5wqR4pgXJgONPR9zAgm2A,microsoft_sharepoint_onedrive,personal_onedrive,prinya_mju_ac_th,ACCESS_DENIED,sharepoint_item_IQDUD8lqzCVE,binary_document,6,6.1,6.1.1,probable,medium,1,,critical,P0_CRITICAL,central_sharepoint_evidence_library,2026-07-20T13:49:13.092364+07:00,Joomla article title maps to issue 6.1
SP-0120,54,6.1 การจัดซื้อสินค้า,https://maejo365-my.sharepoint.com/:b:/g/personal/prinya_mju_ac_th/IQBL9UtCfFOfRIkUXd9Erl6vASwgsfzRM3Ub16eITp2ziEU?e=1bZE6a,https://maejo365-my.sharepoint.com/:b:/g/personal/prinya_mju_ac_th/IQBL9UtCfFOfRIkUXd9Erl6vASwgsfzRM3Ub16eITp2ziEU,microsoft_sharepoint_onedrive,personal_onedrive,prinya_mju_ac_th,ACCESS_DENIED,sharepoint_item_IQBL9UtCfFOf,binary_document,6,6.1,6.1.1,probable,medium,1,,critical,P0_CRITICAL,central_sharepoint_evidence_library,2026-07-20T13:49:13.092364+07:00,Joomla article title maps to issue 6.1
SP-0121,55,6.2 การจัดจ้าง,https://maejo365-my.sharepoint.com/:b:/g/personal/prinya_mju_ac_th/IQDAZKLVUFieR7vJLB-HHAYIAd0ov4Vt0Nt1xNslFpkwrCY?e=btWXBa,https://maejo365-my.sharepoint.com/:b:/g/personal/prinya_mju_ac_th/IQDAZKLVUFieR7vJLB-HHAYIAd0ov4Vt0Nt1xNslFpkwrCY,microsoft_sharepoint_onedrive,personal_onedrive,prinya_mju_ac_th,ACCESS_DENIED,sharepoint_item_IQDAZKLVUFie,binary_document,6,6.2,6.2.1,probable,medium,1,,critical,P0_CRITICAL,central_sharepoint_evidence_library,2026-07-20T13:49:13.092364+07:00,Joomla article title maps to issue 6.2
SP-0122,55,6.2 การจัดจ้าง,https://maejo365-my.sharepoint.com/:b:/g/personal/prinya_mju_ac_th/IQBaEWYkHHTTTpfX_P935kl6AbfTDYUC3gnN6PC2HYnAK3k?e=eqdjzw,https://maejo365-my.sharepoint.com/:b:/g/personal/prinya_mju_ac_th/IQBaEWYkHHTTTpfX_P935kl6AbfTDYUC3gnN6PC2HYnAK3k,microsoft_sharepoint_onedrive,personal_onedrive,prinya_mju_ac_th,ACCESS_DENIED,6.2.1(1) ใบประเมินสิ่งแวดล้อมจ้างเหมา,binary_document,6,6.2,6.2.1,probable,medium,1,,critical,P0_CRITICAL,central_sharepoint_evidence_library,2026-07-20T13:49:13.092364+07:00,Joomla article title maps to issue 6.2
SP-0123,55,6.2 การจัดจ้าง,https://maejo365-my.sharepoint.com/:b:/g/personal/prinya_mju_ac_th/IQD3ngtvwEgGSp-LXv7AIkt3ASZm2djoYwtqnLlwe8uXdFM?e=kGaBry,https://maejo365-my.sharepoint.com/:b:/g/personal/prinya_mju_ac_th/IQD3ngtvwEgGSp-LXv7AIkt3ASZm2djoYwtqnLlwe8uXdFM,microsoft_sharepoint_onedrive,personal_onedrive,prinya_mju_ac_th,ACCESS_DENIED,6.2.1(2) ใบรับรองฉลากเขียว,binary_document,6,6.2,6.2.1,probable,medium,1,,critical,P0_CRITICAL,central_sharepoint_evidence_library,2026-07-20T13:49:13.092364+07:00,Joomla article title maps to issue 6.2
SP-0124,55,6.2 การจัดจ้าง,https://maejo365-my.sharepoint.com/:b:/g/personal/prinya_mju_ac_th/IQAew3IFj3IwRJ4D7GLYYxIsAQ2MS0f9rSJRbhGPiOzWnpQ?e=CXt0P8,https://maejo365-my.sharepoint.com/:b:/g/personal/prinya_mju_ac_th/IQAew3IFj3IwRJ4D7GLYYxIsAQ2MS0f9rSJRbhGPiOzWnpQ,microsoft_sharepoint_onedrive,personal_onedrive,prinya_mju_ac_th,ACCESS_DENIED,6.2.1(3) ใบรับรองเครื่องถ่ายฯ,binary_document,6,6.2,6.2.1,probable,medium,1,,critical,P0_CRITICAL,central_sharepoint_evidence_library,2026-07-20T13:49:13.092364+07:00,Joomla article title maps to issue 6.2
SP-0125,55,6.2 การจัดจ้าง,https://maejo365-my.sharepoint.com/:b:/g/personal/prinya_mju_ac_th/IQDGKkehnMAqSriqI_ih4ReWAVRxjzYlb8fZrXoWkvy3Dto?e=UpbBzD,https://maejo365-my.sharepoint.com/:b:/g/personal/prinya_mju_ac_th/IQDGKkehnMAqSriqI_ih4ReWAVRxjzYlb8fZrXoWkvy3Dto,microsoft_sharepoint_onedrive,personal_onedrive,prinya_mju_ac_th,ACCESS_DENIED,6.2.1(4) ภาพถ่ายส่งมอบฯ,binary_document,6,6.2,6.2.1,probable,medium,1,,critical,P0_CRITICAL,central_sharepoint_evidence_library,2026-07-20T13:49:13.092364+07:00,Joomla article title maps to issue 6.2
SP-0126,55,6.2 การจัดจ้าง,https://maejo365-my.sharepoint.com/:b:/g/personal/prinya_mju_ac_th/IQA0oxqNiMx_R4kZtkgnb7UxAZQCXs6KwaUfwPYRS646uVQ?e=PXT4SN,https://maejo365-my.sharepoint.com/:b:/g/personal/prinya_mju_ac_th/IQA0oxqNiMx_R4kZtkgnb7UxAZQCXs6KwaUfwPYRS646uVQ,microsoft_sharepoint_onedrive,personal_onedrive,prinya_mju_ac_th,ACCESS_DENIED,6.2.1(5) ใบประเมินฯล้างแอร์,binary_document,6,6.2,6.2.1,probable,medium,1,,critical,P0_CRITICAL,central_sharepoint_evidence_library,2026-07-20T13:49:13.092364+07:00,Joomla article title maps to issue 6.2
SP-0127,55,6.2 การจัดจ้าง,https://maejo365-my.sharepoint.com/:b:/g/personal/prinya_mju_ac_th/IQDZ4xqLk6llRpDLebrB4RP5AZ7n1hYS9tvoOqupfEyIwos?e=cNwjmH,https://maejo365-my.sharepoint.com/:b:/g/personal/prinya_mju_ac_th/IQDZ4xqLk6llRpDLebrB4RP5AZ7n1hYS9tvoOqupfEyIwos,microsoft_sharepoint_onedrive,personal_onedrive,prinya_mju_ac_th,ACCESS_DENIED,6.2.1(6) ใบรับรองผลิตภัณฑ์,binary_document,6,6.2,6.2.1,probable,medium,1,,critical,P0_CRITICAL,central_sharepoint_evidence_library,2026-07-20T13:49:13.092364+07:00,Joomla article title maps to issue 6.2
SP-0128,55,6.2 การจัดจ้าง,https://maejo365-my.sharepoint.com/:b:/g/personal/prinya_mju_ac_th/IQCIE3GYbDQrRrTZS7FJodBeAWM2HEln-xIMlsC8HOc1kwA?e=geg2A8,https://maejo365-my.sharepoint.com/:b:/g/personal/prinya_mju_ac_th/IQCIE3GYbDQrRrTZS7FJodBeAWM2HEln-xIMlsC8HOc1kwA,microsoft_sharepoint_onedrive,personal_onedrive,prinya_mju_ac_th,ACCESS_DENIED,6.2.1(7) สัญญาจ้างทำความสะอาด2569,binary_document,6,6.2,6.2.1,probable,medium,1,,critical,P0_CRITICAL,central_sharepoint_evidence_library,2026-07-20T13:49:13.092364+07:00,Joomla article title maps to issue 6.2
SP-0129,55,6.2 การจัดจ้าง,https://maejo365-my.sharepoint.com/:b:/g/personal/prinya_mju_ac_th/IQCQfuIs0JN0QLGA4A9oOm3JAS89bajOFPfbI67hWgsBT-o?e=6b9BCX,https://maejo365-my.sharepoint.com/:b:/g/personal/prinya_mju_ac_th/IQCQfuIs0JN0QLGA4A9oOm3JAS89bajOFPfbI67hWgsBT-o,microsoft_sharepoint_onedrive,personal_onedrive,prinya_mju_ac_th,ACCESS_DENIED,6.2.1(8) สัญญาจ้างทำความสะอาด2568,binary_document,6,6.2,6.2.1,probable,medium,1,,critical,P0_CRITICAL,central_sharepoint_evidence_library,2026-07-20T13:49:13.092364+07:00,Joomla article title maps to issue 6.2
SP-0130,55,6.2 การจัดจ้าง,https://maejo365-my.sharepoint.com/:b:/g/personal/prinya_mju_ac_th/IQC6DZf4MnnfS7F8wf4_ITxZAfVvHKTBy2jUksZiLnZzXFU?e=9ggzU6,https://maejo365-my.sharepoint.com/:b:/g/personal/prinya_mju_ac_th/IQC6DZf4MnnfS7F8wf4_ITxZAfVvHKTBy2jUksZiLnZzXFU,microsoft_sharepoint_onedrive,personal_onedrive,prinya_mju_ac_th,ACCESS_DENIED,6.2.1(9) ใบอนุญาตฯด้านสิ่งแวดล้อม,binary_document,6,6.2,6.2.1,probable,medium,1,,critical,P0_CRITICAL,central_sharepoint_evidence_library,2026-07-20T13:49:13.092364+07:00,Joomla article title maps to issue 6.2
SP-0131,55,6.2 การจัดจ้าง,https://maejo365-my.sharepoint.com/:b:/g/personal/prinya_mju_ac_th/IQAwxkHjUkzARK-TgVZin_xEAXhVLetuiddzhKpOSGBkV74?e=i7TIb1,https://maejo365-my.sharepoint.com/:b:/g/personal/prinya_mju_ac_th/IQAwxkHjUkzARK-TgVZin_xEAXhVLetuiddzhKpOSGBkV74,microsoft_sharepoint_onedrive,personal_onedrive,prinya_mju_ac_th,ACCESS_DENIED,6.2.1(10) ประกาศนโยบาย2568,binary_document,6,6.2,6.2.1,probable,medium,1,,critical,P0_CRITICAL,central_sharepoint_evidence_library,2026-07-20T13:49:13.092364+07:00,Joomla article title maps to issue 6.2
SP-0132,55,6.2 การจัดจ้าง,https://maejo365-my.sharepoint.com/:b:/g/personal/prinya_mju_ac_th/IQCmZBIN7dtKR6aQax6rMyj6AfthIQTUW8em7V5m2DBlrkI?e=SriSqP,https://maejo365-my.sharepoint.com/:b:/g/personal/prinya_mju_ac_th/IQCmZBIN7dtKR6aQax6rMyj6AfthIQTUW8em7V5m2DBlrkI,microsoft_sharepoint_onedrive,personal_onedrive,prinya_mju_ac_th,ACCESS_DENIED,6.2.1(11) ลายเซ็นต์ชี้แจงนโยบายฯ,binary_document,6,6.2,6.2.1,probable,medium,1,,critical,P0_CRITICAL,central_sharepoint_evidence_library,2026-07-20T13:49:13.092364+07:00,Joomla article title maps to issue 6.2
SP-0133,55,6.2 การจัดจ้าง,https://maejo365-my.sharepoint.com/:b:/g/personal/prinya_mju_ac_th/IQAIkpfj5UzCQ4CIIpbTn1aRAehPdwHOGDRsYKODcRrn67I?e=xaPTMW,https://maejo365-my.sharepoint.com/:b:/g/personal/prinya_mju_ac_th/IQAIkpfj5UzCQ4CIIpbTn1aRAehPdwHOGDRsYKODcRrn67I,microsoft_sharepoint_onedrive,personal_onedrive,prinya_mju_ac_th,AUTHENTICATED_REACHABLE,6.2.1(12) รายงานจัดซื้อจัดจ้าง2568,binary_document,6,6.2,6.2.1,probable,medium,1,,high,P0_CRITICAL,central_sharepoint_evidence_library,2026-07-20T13:49:13.092364+07:00,Joomla article title maps to issue 6.2
SP-0134,55,6.2 การจัดจ้าง,https://maejo365-my.sharepoint.com/:b:/g/personal/prinya_mju_ac_th/IQCVF6fP7mW5SY7Rx5FZo8qHAaByk_WiClgpyuz5eSC4gcA?e=09xtrT,https://maejo365-my.sharepoint.com/:b:/g/personal/prinya_mju_ac_th/IQCVF6fP7mW5SY7Rx5FZo8qHAaByk_WiClgpyuz5eSC4gcA,microsoft_sharepoint_onedrive,personal_onedrive,prinya_mju_ac_th,ACCESS_DENIED,sharepoint_item_IQCVF6fP7mW5,binary_document,6,6.2,6.2.1,probable,medium,1,,critical,P0_CRITICAL,central_sharepoint_evidence_library,2026-07-20T13:49:13.092364+07:00,Joomla article title maps to issue 6.2
SP-0135,55,6.2 การจัดจ้าง,https://maejo365-my.sharepoint.com/:b:/g/personal/prinya_mju_ac_th/IQDUp88sVv3pR52bLD51BYaOAWCxvsPCfKETnqF7Gop2nBs?e=OMFWMz,https://maejo365-my.sharepoint.com/:b:/g/personal/prinya_mju_ac_th/IQDUp88sVv3pR52bLD51BYaOAWCxvsPCfKETnqF7Gop2nBs,microsoft_sharepoint_onedrive,personal_onedrive,prinya_mju_ac_th,ACCESS_DENIED,6.2.2(1) ชี้แจ้งการปรเมินประสิทธิภาพฯ,binary_document,6,6.2,6.2.1,probable,medium,1,,critical,P0_CRITICAL,central_sharepoint_evidence_library,2026-07-20T13:49:13.092364+07:00,Joomla article title maps to issue 6.2
SP-0136,55,6.2 การจัดจ้าง,https://maejo365-my.sharepoint.com/:b:/g/personal/prinya_mju_ac_th/IQBSJrLdLXhxT5JOjuTTBepFAd3pljg7sAoVowX0wj4YXlg?e=x21Esc,https://maejo365-my.sharepoint.com/:b:/g/personal/prinya_mju_ac_th/IQBSJrLdLXhxT5JOjuTTBepFAd3pljg7sAoVowX0wj4YXlg,microsoft_sharepoint_onedrive,personal_onedrive,prinya_mju_ac_th,ACCESS_DENIED,6.2.2(2) ใบประเมินฯจ้างเหมาทำความสะอาด,binary_document,6,6.2,6.2.1,probable,medium,1,,critical,P0_CRITICAL,central_sharepoint_evidence_library,2026-07-20T13:49:13.092364+07:00,Joomla article title maps to issue 6.2
SP-0137,55,6.2 การจัดจ้าง,https://maejo365-my.sharepoint.com/:b:/g/personal/prinya_mju_ac_th/IQAVdn84mF67Tr1B667IJh3cAYE-rgIUZ9TBGEI_BePEo2c?e=Vr1h52,https://maejo365-my.sharepoint.com/:b:/g/personal/prinya_mju_ac_th/IQAVdn84mF67Tr1B667IJh3cAYE-rgIUZ9TBGEI_BePEo2c,microsoft_sharepoint_onedrive,personal_onedrive,prinya_mju_ac_th,ACCESS_DENIED,6.2.2(3) ใบประเมินฯจ้างเหมาล้างแอร์,binary_document,6,6.2,6.2.1,probable,medium,1,,critical,P0_CRITICAL,central_sharepoint_evidence_library,2026-07-20T13:49:13.092364+07:00,Joomla article title maps to issue 6.2
SP-0138,55,6.2 การจัดจ้าง,https://maejo365-my.sharepoint.com/:b:/g/personal/prinya_mju_ac_th/IQDbdEr3zOPkQqTMehkSZlVgAVjDNvpq-E7LVU7T0YzCZUE?e=uu5xsk,https://maejo365-my.sharepoint.com/:b:/g/personal/prinya_mju_ac_th/IQDbdEr3zOPkQqTMehkSZlVgAVjDNvpq-E7LVU7T0YzCZUE,microsoft_sharepoint_onedrive,personal_onedrive,prinya_mju_ac_th,ACCESS_DENIED,sharepoint_item_IQDbdEr3zOPk,binary_document,6,6.2,6.2.1,probable,medium,1,,critical,P0_CRITICAL,central_sharepoint_evidence_library,2026-07-20T13:49:13.092364+07:00,Joomla article title maps to issue 6.2
SP-0139,55,6.2 การจัดจ้าง,https://maejo365-my.sharepoint.com/:b:/g/personal/prinya_mju_ac_th/IQDG-jRUwPTuRYSv-P8llAoAAR4bma4zko7ie25pWOqbxiI?e=4Leos8,https://maejo365-my.sharepoint.com/:b:/g/personal/prinya_mju_ac_th/IQDG-jRUwPTuRYSv-P8llAoAAR4bma4zko7ie25pWOqbxiI,microsoft_sharepoint_onedrive,personal_onedrive,prinya_mju_ac_th,ACCESS_DENIED,6.2.3(1) แหล่งสืบค้นข้อมูลโรงแรม,binary_document,6,6.2,6.2.1,probable,medium,1,,critical,P0_CRITICAL,central_sharepoint_evidence_library,2026-07-20T13:49:13.092364+07:00,Joomla article title maps to issue 6.2
SP-0140,55,6.2 การจัดจ้าง,https://maejo365-my.sharepoint.com/:b:/g/personal/prinya_mju_ac_th/IQBR4F9j42hATZzdYm2m0YlqAfm5Rg9GHN1jUEvh-u_L11Y?e=ZWBkDw,https://maejo365-my.sharepoint.com/:b:/g/personal/prinya_mju_ac_th/IQBR4F9j42hATZzdYm2m0YlqAfm5Rg9GHN1jUEvh-u_L11Y,microsoft_sharepoint_onedrive,personal_onedrive,prinya_mju_ac_th,ACCESS_DENIED,6.2.3(2) ตัวอย่างโรงแรมที่เป็นมิตรสิ่งแวดล้อม,binary_document,6,6.2,6.2.1,probable,medium,1,,critical,P0_CRITICAL,central_sharepoint_evidence_library,2026-07-20T13:49:13.092364+07:00,Joomla article title maps to issue 6.2
SP-0141,55,6.2 การจัดจ้าง,https://maejo365-my.sharepoint.com/:b:/g/personal/prinya_mju_ac_th/IQAzH7YVJ4YRS407KYTBI7WeASjg277gUgsBWGri-OTKHzs?e=rAUP8P,https://maejo365-my.sharepoint.com/:b:/g/personal/prinya_mju_ac_th/IQAzH7YVJ4YRS407KYTBI7WeASjg277gUgsBWGri-OTKHzs,microsoft_sharepoint_onedrive,personal_onedrive,prinya_mju_ac_th,ACCESS_DENIED,6.2.3(3) การคัดเลือกสถานที่ที่เป็นมิตรกับสิ่งแวดล้อม,binary_document,6,6.2,6.2.1,probable,medium,1,,critical,P0_CRITICAL,central_sharepoint_evidence_library,2026-07-20T13:49:13.092364+07:00,Joomla article title maps to issue 6.2
SP-0142,56,7.1 การตรวจประเมินสำนักงานสีเขียว,https://maejo365-my.sharepoint.com/:b:/g/personal/prinya_mju_ac_th/IQCaCdANezmBSKV1WchvZCNDAYEAOkg0ttCfgpJVurFIupQ?e=nv5hYD,https://maejo365-my.sharepoint.com/:b:/g/personal/prinya_mju_ac_th/IQCaCdANezmBSKV1WchvZCNDAYEAOkg0ttCfgpJVurFIupQ,microsoft_sharepoint_onedrive,personal_onedrive,prinya_mju_ac_th,AUTHENTICATED_REACHABLE,sharepoint_item_IQCaCdANezmB,binary_document,7,7.1,7.1.1,probable,medium,1,,high,P0_CRITICAL,central_sharepoint_evidence_library,2026-07-20T13:49:13.092364+07:00,Joomla article title maps to issue 7.1
SP-0143,57,7.2 การพัฒนาหรือต่อยอดการดำเนินงาน,https://maejo365-my.sharepoint.com/:b:/g/personal/prinya_mju_ac_th/IQD0Dc8_a9MvQbO6KFs_pYVWAde-OedrAP8ogLEJOT6DusI?e=33Nf5E,https://maejo365-my.sharepoint.com/:b:/g/personal/prinya_mju_ac_th/IQD0Dc8_a9MvQbO6KFs_pYVWAde-OedrAP8ogLEJOT6DusI,microsoft_sharepoint_onedrive,personal_onedrive,prinya_mju_ac_th,AUTHENTICATED_REACHABLE,sharepoint_item_IQD0Dc8_a9Mv,binary_document,7,7.2,7.2.1,probable,medium,1,,high,P0_CRITICAL,central_sharepoint_evidence_library,2026-07-20T13:49:13.092364+07:00,Joomla article title maps to issue 7.2
