evidence_link_id,joomla_article_id,article_title,source_url,normalized_url,storage_provider,storage_scope,probable_owner,access_status,file_name,file_type,category,issue,indicator_codes,mapping_status,confidence,occurrence_count,duplicate_group,ownership_risk,migration_priority,recommended_destination,last_checked_at,notes,pilot_bucket,pilot_reason
SP-0054,43,3.1 การใช้น้ำ,https://maejo365-my.sharepoint.com/:b:/g/personal/prinya_mju_ac_th/IQDzn-RPP_HjQZXJJFQXIHsrAXF49EtCX1g-oeUxBOZr_5Q?e=TeY34k,https://maejo365-my.sharepoint.com/:b:/g/personal/prinya_mju_ac_th/IQDzn-RPP_HjQZXJJFQXIHsrAXF49EtCX1g-oeUxBOZr_5Q,microsoft_sharepoint_onedrive,personal_onedrive,prinya_mju_ac_th,ACCESS_DENIED,sharepoint_item_IQDzn-RPP_Hj,binary_document,3,3.1,3.1.1|3.1.2|3.1.3,probable,medium,1,,critical,P0_CRITICAL,central_sharepoint_evidence_library,2026-07-20T13:49:13.092364+07:00,Joomla article title maps to issue 3.1,water_2569,water_2569
SP-0056,43,3.1 การใช้น้ำ,https://maejo365-my.sharepoint.com/:b:/g/personal/prinya_mju_ac_th/IQCCNm4xkOOoR5n4JWdgq5zIAWl9bzgITKr3vc3I7KEaMkM?e=dN5RQb,https://maejo365-my.sharepoint.com/:b:/g/personal/prinya_mju_ac_th/IQCCNm4xkOOoR5n4JWdgq5zIAWl9bzgITKr3vc3I7KEaMkM,microsoft_sharepoint_onedrive,personal_onedrive,prinya_mju_ac_th,ACCESS_DENIED,3.1.1(2) ปริมาณน้ำทิ้งจากเครื่องปรับอากาศ,binary_document,3,3.1,3.1.1|3.1.2|3.1.3,probable,medium,1,,critical,P0_CRITICAL,central_sharepoint_evidence_library,2026-07-20T13:49:13.092364+07:00,Joomla article title maps to issue 3.1,water_2569,water_2569
SP-0057,43,3.1 การใช้น้ำ,https://maejo365-my.sharepoint.com/:b:/g/personal/prinya_mju_ac_th/IQBZsx1N_x_qTZYrWDD_B37yAb6G5wMxGkZQdAtJaWIbkhk?e=dwwBOK,https://maejo365-my.sharepoint.com/:b:/g/personal/prinya_mju_ac_th/IQBZsx1N_x_qTZYrWDD_B37yAb6G5wMxGkZQdAtJaWIbkhk,microsoft_sharepoint_onedrive,personal_onedrive,prinya_mju_ac_th,ACCESS_DENIED,sharepoint_item_IQBZsx1N_x_q,binary_document,3,3.1,3.1.1|3.1.2|3.1.3,probable,medium,1,,critical,P0_CRITICAL,central_sharepoint_evidence_library,2026-07-20T13:49:13.092364+07:00,Joomla article title maps to issue 3.1,water_2569,water_2569
SP-0014,44,3.2 การใช้พลังงาน,https://maejo365-my.sharepoint.com/:b:/g/personal/prinya_mju_ac_th/IQDDx8lnLO2CRKLtmsIn9wRlAV-aKaQ8iG3QJDo62psWc5E?e=mV5sEq,https://maejo365-my.sharepoint.com/:b:/g/personal/prinya_mju_ac_th/IQDDx8lnLO2CRKLtmsIn9wRlAV-aKaQ8iG3QJDo62psWc5E,microsoft_sharepoint_onedrive,personal_onedrive,prinya_mju_ac_th,ACCESS_DENIED,3.2.1 มาตรการหรือแนวทางการใช้ไฟฟ้าเหมาะสมกับสำนักงาน,binary_document,3,3.2,3.2.2,confirmed,high,2,DUP-8060bd,critical,P0_CRITICAL,central_sharepoint_evidence_library,2026-07-20T13:49:13.092364+07:00,"Anchor text ""3.2.1 มาตรการหรือแนวทางการใช้ไฟฟ้าเหมาะสมกับสำนักงาน"" matches indicator pattern",energy_2569,energy_2569
SP-0016,44,3.2 การใช้พลังงาน,https://maejo365-my.sharepoint.com/:b:/g/personal/prinya_mju_ac_th/IQCLFwLjA8XMSr491rZMLvFXAQ4QIBFKJxXwzSfSGJKmH5c?e=TL6or3,https://maejo365-my.sharepoint.com/:b:/g/personal/prinya_mju_ac_th/IQCLFwLjA8XMSr491rZMLvFXAQ4QIBFKJxXwzSfSGJKmH5c,microsoft_sharepoint_onedrive,personal_onedrive,prinya_mju_ac_th,ACCESS_DENIED,sharepoint_item_IQCLFwLjA8XM,binary_document,3,3.2,3.2.1|3.2.2|3.2.3|3.2.4|3.2.5,probable,medium,2,DUP-a3475f,critical,P0_CRITICAL,central_sharepoint_evidence_library,2026-07-20T13:49:13.092364+07:00,Joomla article title maps to issue 3.2,energy_2569,energy_2569
SP-0061,44,3.2 การใช้พลังงาน,https://maejo365-my.sharepoint.com/:b:/g/personal/prinya_mju_ac_th/IQAUiuq5ih1EQ4TdIVKlRy1NAZfCvmD9L1rVyGrRNNHGFoA?e=RtsCxa,https://maejo365-my.sharepoint.com/:b:/g/personal/prinya_mju_ac_th/IQAUiuq5ih1EQ4TdIVKlRy1NAZfCvmD9L1rVyGrRNNHGFoA,microsoft_sharepoint_onedrive,personal_onedrive,prinya_mju_ac_th,AUTHENTICATED_REACHABLE,sharepoint_item_IQAUiuq5ih1E,binary_document,3,3.2,3.2.1|3.2.2|3.2.3|3.2.4|3.2.5,probable,medium,1,,high,P0_CRITICAL,central_sharepoint_evidence_library,2026-07-20T13:49:13.092364+07:00,Joomla article title maps to issue 3.2,energy_2569,energy_2569
SP-0020,45,3.3 การใช้ทรัพยากรอื่นๆ,https://maejo365-my.sharepoint.com/:b:/g/personal/prinya_mju_ac_th/IQCTS9JC5u9ET4uEdOjFH3R_AbykRElj2a-nU5BQTV9qjTk?e=NsujPa,https://maejo365-my.sharepoint.com/:b:/g/personal/prinya_mju_ac_th/IQCTS9JC5u9ET4uEdOjFH3R_AbykRElj2a-nU5BQTV9qjTk,microsoft_sharepoint_onedrive,personal_onedrive,prinya_mju_ac_th,ACCESS_DENIED,sharepoint_item_IQCTS9JC5u9E,binary_document,3,3.3,3.3.1|3.3.2|3.3.3|3.3.4|3.3.5,probable,medium,2,DUP-dfdde1,critical,P0_CRITICAL,central_sharepoint_evidence_library,2026-07-20T13:49:13.092364+07:00,Joomla article title maps to issue 3.3,paper_2569,paper_2569
SP-0022,45,3.3 การใช้ทรัพยากรอื่นๆ,https://maejo365-my.sharepoint.com/:b:/g/personal/prinya_mju_ac_th/IQBqUGjx_JIfTJrMSVGMrOeuARNFFnhZ4cT11_Kv9ibzjHA?e=IYM4qK,https://maejo365-my.sharepoint.com/:b:/g/personal/prinya_mju_ac_th/IQBqUGjx_JIfTJrMSVGMrOeuARNFFnhZ4cT11_Kv9ibzjHA,microsoft_sharepoint_onedrive,personal_onedrive,prinya_mju_ac_th,ACCESS_DENIED,sharepoint_item_IQBqUGjx_JIf,binary_document,3,3.3,3.3.1|3.3.2|3.3.3|3.3.4|3.3.5,probable,medium,2,DUP-aca492,critical,P0_CRITICAL,central_sharepoint_evidence_library,2026-07-20T13:49:13.092364+07:00,Joomla article title maps to issue 3.3,paper_2569,paper_2569
SP-0028,48,4.2 การจัดการน้ำเสีย,https://maejo365-my.sharepoint.com/:b:/g/personal/prinya_mju_ac_th/IQAu_TXwiCxdTrYtKV6bR968AbCwpXVAvjRQkbWXsLopkyE?e=ng8xBy,https://maejo365-my.sharepoint.com/:b:/g/personal/prinya_mju_ac_th/IQAu_TXwiCxdTrYtKV6bR968AbCwpXVAvjRQkbWXsLopkyE,microsoft_sharepoint_onedrive,personal_onedrive,prinya_mju_ac_th,ACCESS_DENIED,sharepoint_item_IQAu_TXwiCxd,binary_document,4,4.2,4.2.1|4.2.2,probable,medium,2,DUP-73f68c,critical,P0_CRITICAL,central_sharepoint_evidence_library,2026-07-20T13:49:13.092364+07:00,Joomla article title maps to issue 4.2,waste_2569,waste_2569
SP-0068,47,4.1 การจัดการขยะ,https://maejo365-my.sharepoint.com/:b:/g/personal/prinya_mju_ac_th/IQAgR9yv1y6ZR4Rz-_UF_i6MAbfwDJvJ9fUhTMBa_P3lvps?e=IcrooX,https://maejo365-my.sharepoint.com/:b:/g/personal/prinya_mju_ac_th/IQAgR9yv1y6ZR4Rz-_UF_i6MAbfwDJvJ9fUhTMBa_P3lvps,microsoft_sharepoint_onedrive,personal_onedrive,prinya_mju_ac_th,ACCESS_DENIED,sharepoint_item_IQAgR9yv1y6Z,binary_document,4,4.1,4.1.1|4.1.2|4.1.3,probable,medium,1,,critical,P0_CRITICAL,central_sharepoint_evidence_library,2026-07-20T13:49:13.092364+07:00,Joomla article title maps to issue 4.1,waste_2569,waste_2569
SP-0045,37,1.5 ข้อมูลก๊าซเรือนกระจก,https://maejo365-my.sharepoint.com/:b:/g/personal/prinya_mju_ac_th/IQBIROYaTmqSSqXAkTMn_cM0AWYIFrc6CV7fSWq4X0fQYeU?e=Mt967o,https://maejo365-my.sharepoint.com/:b:/g/personal/prinya_mju_ac_th/IQBIROYaTmqSSqXAkTMn_cM0AWYIFrc6CV7fSWq4X0fQYeU,microsoft_sharepoint_onedrive,personal_onedrive,prinya_mju_ac_th,ACCESS_DENIED,sharepoint_item_IQBIROYaTmqS,binary_document,1,1.5,1.5.1|1.5.2|1.5.3,probable,medium,1,,critical,P0_CRITICAL,central_sharepoint_evidence_library,2026-07-20T13:49:13.092364+07:00,Joomla article title maps to issue 1.5,ghg_2569,ghg_2569
SP-0046,37,1.5 ข้อมูลก๊าซเรือนกระจก,https://maejo365-my.sharepoint.com/:x:/g/personal/prinya_mju_ac_th/IQAYqO7zIhToQoY0jg0XMQ2KAVvO-4NpnWizfw0rCoNCJ6g?e=kV5Vzw,https://maejo365-my.sharepoint.com/:x:/g/personal/prinya_mju_ac_th/IQAYqO7zIhToQoY0jg0XMQ2KAVvO-4NpnWizfw0rCoNCJ6g,microsoft_sharepoint_onedrive,personal_onedrive,prinya_mju_ac_th,ACCESS_DENIED,- แบบฟอร์ม 1.5.1(1) ปี68,spreadsheet,1,1.5,1.5.1|1.5.2,probable,medium,1,,critical,P0_CRITICAL,central_sharepoint_evidence_library,2026-07-20T13:49:13.092364+07:00,"Anchor text ""- แบบฟอร์ม 1.5.1(1) ปี68"" matches indicator pattern",ghg_2569,ghg_2569
SP-0047,37,1.5 ข้อมูลก๊าซเรือนกระจก,https://maejo365-my.sharepoint.com/:x:/g/personal/prinya_mju_ac_th/IQAh-Jq8-GxaR4R-x2BeYZKXAakh7ZBTFxTvJ2lGpPOkKNc?e=HudkSC,https://maejo365-my.sharepoint.com/:x:/g/personal/prinya_mju_ac_th/IQAh-Jq8-GxaR4R-x2BeYZKXAakh7ZBTFxTvJ2lGpPOkKNc,microsoft_sharepoint_onedrive,personal_onedrive,prinya_mju_ac_th,ACCESS_DENIED,- แบบฟอร์ม 1.5.1(2) ปี67-66,spreadsheet,1,1.5,1.5.1|1.5.2,probable,medium,1,,critical,P0_CRITICAL,central_sharepoint_evidence_library,2026-07-20T13:49:13.092364+07:00,"Anchor text ""- แบบฟอร์ม 1.5.1(2) ปี67-66"" matches indicator pattern",ghg_2569,ghg_2569
SP-0001,52,5.4 ความน่าอยู่,https://maejo365-my.sharepoint.com/:b:/g/personal/prinya_mju_ac_th/IQDLF_P7NaHLS6EHBk434hRtAQe_SVlbrKfNDqxjZZZEw_M?e=BKmQpp,https://maejo365-my.sharepoint.com/:b:/g/personal/prinya_mju_ac_th/IQDLF_P7NaHLS6EHBk434hRtAQe_SVlbrKfNDqxjZZZEw_M,microsoft_sharepoint_onedrive,personal_onedrive,prinya_mju_ac_th,ACCESS_DENIED,sharepoint_item_IQDLF_P7NaHL,binary_document,5,5.4,5.4.1,probable,medium,4,DUP-d529e3,critical,P0_CRITICAL,central_sharepoint_evidence_library,2026-07-20T13:49:13.092364+07:00,Joomla article title maps to issue 5.4,owner_risk,owner_risk
SP-0005,53,5.5 การเตรียมพร้อมต่อสภาวะฉุกเฉิน,https://maejo365-my.sharepoint.com/:b:/g/personal/prinya_mju_ac_th/IQCkJo5Yc5QDTL4eRhUI5cEnAbG-L1L-fHHI8QOUwc1qYVA?e=8Nn6cI,https://maejo365-my.sharepoint.com/:b:/g/personal/prinya_mju_ac_th/IQCkJo5Yc5QDTL4eRhUI5cEnAbG-L1L-fHHI8QOUwc1qYVA,microsoft_sharepoint_onedrive,personal_onedrive,prinya_mju_ac_th,ACCESS_DENIED,sharepoint_item_IQCkJo5Yc5QD,binary_document,5,5.5,5.5.1,probable,medium,3,DUP-d3f3be,critical,P0_CRITICAL,central_sharepoint_evidence_library,2026-07-20T13:49:13.092364+07:00,Joomla article title maps to issue 5.5,owner_risk,owner_risk
SP-0008,36,1.4 กฎหมายและข้อกำหนดอื่นๆ ที่เกี่ยวข้อง,https://maejo365-my.sharepoint.com/:b:/g/personal/prinya_mju_ac_th/IQC8vbg-VrrEQqFsfZkBOXEcATXmUfG7BHyd0bbLNSAR3Ps?e=x5o7BE,https://maejo365-my.sharepoint.com/:b:/g/personal/prinya_mju_ac_th/IQC8vbg-VrrEQqFsfZkBOXEcATXmUfG7BHyd0bbLNSAR3Ps,microsoft_sharepoint_onedrive,personal_onedrive,prinya_mju_ac_th,ACCESS_DENIED,sharepoint_item_IQC8vbg-VrrE,binary_document,1,1.4,1.4.1|1.4.2,probable,medium,2,DUP-ad2061,critical,P0_CRITICAL,central_sharepoint_evidence_library,2026-07-20T13:49:13.092364+07:00,Joomla article title maps to issue 1.4,owner_risk,owner_risk
SP-0024,45,3.3 การใช้ทรัพยากรอื่นๆ,https://maejo365-my.sharepoint.com/:b:/g/personal/prinya_mju_ac_th/IQBKXnnuV01OR41c6vAamPXrATW141dVbEih8tuQP725MEo?e=geHfKh,https://maejo365-my.sharepoint.com/:b:/g/personal/prinya_mju_ac_th/IQBKXnnuV01OR41c6vAamPXrATW141dVbEih8tuQP725MEo,microsoft_sharepoint_onedrive,personal_onedrive,prinya_mju_ac_th,AUTHENTICATED_REACHABLE,sharepoint_item_IQBKXnnuV01O,binary_document,3,3.3,3.3.1|3.3.2|3.3.3|3.3.4|3.3.5,probable,medium,2,DUP-0f3745,high,P0_CRITICAL,central_sharepoint_evidence_library,2026-07-20T13:49:13.092364+07:00,Joomla article title maps to issue 3.3,auth_reachable,auth_reachable
SP-0026,45,3.3 การใช้ทรัพยากรอื่นๆ,https://maejo365-my.sharepoint.com/:b:/g/personal/prinya_mju_ac_th/IQCo1Ls9MkuNSI0yScB3Rbz3AUWDkcb8xD6qUxPMu2syl98?e=V7OdG7,https://maejo365-my.sharepoint.com/:b:/g/personal/prinya_mju_ac_th/IQCo1Ls9MkuNSI0yScB3Rbz3AUWDkcb8xD6qUxPMu2syl98,microsoft_sharepoint_onedrive,personal_onedrive,prinya_mju_ac_th,AUTHENTICATED_REACHABLE,sharepoint_item_IQCo1Ls9MkuN,binary_document,3,3.3,3.3.1|3.3.2|3.3.3|3.3.4|3.3.5,probable,medium,2,DUP-a9a95c,high,P0_CRITICAL,central_sharepoint_evidence_library,2026-07-20T13:49:13.092364+07:00,Joomla article title maps to issue 3.3,auth_reachable,auth_reachable
SP-0036,33,1.1 การกำหนดแนวทางการดำเนินงานสำนักงานสีเขียว,https://maejo365-my.sharepoint.com/:b:/g/personal/prinya_mju_ac_th/IQC4RtE-sdJ3S5lTho_5K7LZAXPOPkrh0DaYiJjvTpla_Vc?e=1IwmdT,https://maejo365-my.sharepoint.com/:b:/g/personal/prinya_mju_ac_th/IQC4RtE-sdJ3S5lTho_5K7LZAXPOPkrh0DaYiJjvTpla_Vc,microsoft_sharepoint_onedrive,personal_onedrive,prinya_mju_ac_th,AUTHENTICATED_REACHABLE,sharepoint_item_IQC4RtE-sdJ3,binary_document,1,1.1,1.1.1|1.1.2|1.1.3|1.1.4,probable,medium,1,,high,P0_CRITICAL,central_sharepoint_evidence_library,2026-07-20T13:49:13.092364+07:00,Joomla article title maps to issue 1.1,auth_reachable,auth_reachable
SP-0034,30,หมวดที่ 5 — สภาพแวดล้อมและความปลอดภัย,https://maejo365-my.sharepoint.com/:b:/g/personal/prinya_mju_ac_th/IQBzUqgnIy0bR4bhxynMCkw3AaJ_NJHSlkUuhj_qU2SqP08?e=4i43rR,https://maejo365-my.sharepoint.com/:b:/g/personal/prinya_mju_ac_th/IQBzUqgnIy0bR4bhxynMCkw3AaJ_NJHSlkUuhj_qU2SqP08,microsoft_sharepoint_onedrive,personal_onedrive,prinya_mju_ac_th,ACCESS_DENIED,สภาพแวดล้อมและความปลอดภัย,binary_document,5,,,needs_review,low,1,,critical,P0_CRITICAL,central_sharepoint_evidence_library,2026-07-20T13:49:13.092364+07:00,Category header page — indicator mapping requires link-level context,unresolved_mapping,unresolved_mapping
SP-0035,32,หมวดที่ 7 — การดำเนินงานสำนักงานสีเขียวเพื่อความต่อเนื่อง,https://maejo365-my.sharepoint.com/:b:/g/personal/prinya_mju_ac_th/IQCA8FNqsA3VTp7Yao-2ynkhAYhIPcQVureMkRFms6j_LjU?e=dk2Ibk,https://maejo365-my.sharepoint.com/:b:/g/personal/prinya_mju_ac_th/IQCA8FNqsA3VTp7Yao-2ynkhAYhIPcQVureMkRFms6j_LjU,microsoft_sharepoint_onedrive,personal_onedrive,prinya_mju_ac_th,ACCESS_DENIED,หมวดที่ 7 — การดำเนินงานสำนักงานสีเขียวเพื่อความต่อเนื่อง,binary_document,7,,,needs_review,low,1,,critical,P0_CRITICAL,central_sharepoint_evidence_library,2026-07-20T13:49:13.092364+07:00,Category header page — indicator mapping requires link-level context,unresolved_mapping,unresolved_mapping
SP-0058,43,3.1 การใช้น้ำ,https://maejo365-my.sharepoint.com/:x:/g/personal/prinya_mju_ac_th/Ed9yefosFCFPh1H_0I0Mb0gBs07imx2AywWkmGDK3ZxkxQ?e=XJIRFa,https://maejo365-my.sharepoint.com/:x:/g/personal/prinya_mju_ac_th/Ed9yefosFCFPh1H_0I0Mb0gBs07imx2AywWkmGDK3ZxkxQ,microsoft_sharepoint_onedrive,personal_onedrive,prinya_mju_ac_th,ACCESS_DENIED,3.1.(1) ข้อมูลปริมาณการใช้น้ำและวิเคราะห์ผล .xlsx,spreadsheet,3,3.1,3.1.2,confirmed,high,1,,critical,P0_CRITICAL,dashboard_data_pipeline,2026-07-20T13:49:13.092364+07:00,"Anchor text ""3.1.(1) ข้อมูลปริมาณการใช้น้ำและวิเคราะห์ผล .xlsx"" matches indicator pattern",water,2569_water
SP-0062,44,3.2 การใช้พลังงาน,https://maejo365-my.sharepoint.com/:x:/g/personal/prinya_mju_ac_th/EQ1j2DbbdF9IkToyjdQL_QUBL6Lp80U6wlInRdYFcxeTEw?e=ueSGPL,https://maejo365-my.sharepoint.com/:x:/g/personal/prinya_mju_ac_th/EQ1j2DbbdF9IkToyjdQL_QUBL6Lp80U6wlInRdYFcxeTEw,microsoft_sharepoint_onedrive,personal_onedrive,prinya_mju_ac_th,ACCESS_DENIED,3.2.2(1) ข้อมูลการใช้ไฟฟ้าต่อหน่วยเปรียบเทียบกับเป้าหมาย และวิเคราะห์ผล .xlsx,spreadsheet,3,3.2,3.2.2,confirmed,high,1,,critical,P0_CRITICAL,dashboard_data_pipeline,2026-07-20T13:49:13.092364+07:00,"Anchor text ""3.2.2(1) ข้อมูลการใช้ไฟฟ้าต่อหน่วยเปรียบเทียบกับเป้าหมาย และ"" matches indicator pattern",energy,2569_energy
SP-0063,44,3.2 การใช้พลังงาน,https://maejo365-my.sharepoint.com/:b:/g/personal/prinya_mju_ac_th/IQCiFsghTHAXRqyFPKs1YR6ZAZTZfQjbkxyThTalLJySJ7E?e=CDMDQq,https://maejo365-my.sharepoint.com/:b:/g/personal/prinya_mju_ac_th/IQCiFsghTHAXRqyFPKs1YR6ZAZTZfQjbkxyThTalLJySJ7E,microsoft_sharepoint_onedrive,personal_onedrive,prinya_mju_ac_th,ACCESS_DENIED,3.2.4(2) รายงานการใช้รถยนต์,binary_document,3,3.2,3.2.1|3.2.2|3.2.3|3.2.4|3.2.5,probable,medium,1,,critical,P0_CRITICAL,central_sharepoint_evidence_library,2026-07-20T13:49:13.092364+07:00,Joomla article title maps to issue 3.2,fuel,2569_fuel
SP-0066,45,3.3 การใช้ทรัพยากรอื่นๆ,https://maejo365-my.sharepoint.com/:b:/g/personal/prinya_mju_ac_th/IQBzhX99A4zIQ7ZDwSij2bB1AaxPEp9t1VVfc21ReIdREtY?e=EuEbaf,https://maejo365-my.sharepoint.com/:b:/g/personal/prinya_mju_ac_th/IQBzhX99A4zIQ7ZDwSij2bB1AaxPEp9t1VVfc21ReIdREtY,microsoft_sharepoint_onedrive,personal_onedrive,prinya_mju_ac_th,ACCESS_DENIED,sharepoint_item_IQBzhX99A4zI,binary_document,3,3.3,3.3.1|3.3.2|3.3.3|3.3.4|3.3.5,probable,medium,1,,critical,P0_CRITICAL,central_sharepoint_evidence_library,2026-07-20T13:49:13.092364+07:00,Joomla article title maps to issue 3.3,paper,2569_paper
SP-0048,37,1.5 ข้อมูลก๊าซเรือนกระจก,https://maejo365-my.sharepoint.com/:b:/g/personal/prinya_mju_ac_th/IQAbwr0kbFPGS5MAHjLoOXUbAU_VUdP_4MwMj4M125xys4Q?e=nZETeR,https://maejo365-my.sharepoint.com/:b:/g/personal/prinya_mju_ac_th/IQAbwr0kbFPGS5MAHjLoOXUbAU_VUdP_4MwMj4M125xys4Q,microsoft_sharepoint_onedrive,personal_onedrive,prinya_mju_ac_th,ACCESS_DENIED,sharepoint_item_IQAbwr0kbFPG,binary_document,1,1.5,1.5.1|1.5.2|1.5.3,probable,medium,1,,critical,P0_CRITICAL,central_sharepoint_evidence_library,2026-07-20T13:49:13.092364+07:00,Joomla article title maps to issue 1.5,ghg,2569_ghg
SP-0069,47,4.1 การจัดการขยะ,https://maejo365-my.sharepoint.com/:b:/g/personal/prinya_mju_ac_th/IQDpbzu0scr6TbnDPvpKVyU0AXSuqCuApafOqFnNTI5gKHQ?e=rIWUcO,https://maejo365-my.sharepoint.com/:b:/g/personal/prinya_mju_ac_th/IQDpbzu0scr6TbnDPvpKVyU0AXSuqCuApafOqFnNTI5gKHQ,microsoft_sharepoint_onedrive,personal_onedrive,prinya_mju_ac_th,ACCESS_DENIED,sharepoint_item_IQDpbzu0scr6,binary_document,4,4.1,4.1.1|4.1.2|4.1.3,probable,medium,1,,critical,P0_CRITICAL,central_sharepoint_evidence_library,2026-07-20T13:49:13.092364+07:00,Joomla article title maps to issue 4.1,waste,2569_waste
SP-0010,39,1.7 การทบทวนฝ่ายบริหาร,https://maejo365-my.sharepoint.com/:b:/g/personal/prinya_mju_ac_th/IQCjAOcIrTVoSY8zdgqQJSB5AR884SGk-5-WlTVPEsoDk-s?e=6alT85,https://maejo365-my.sharepoint.com/:b:/g/personal/prinya_mju_ac_th/IQCjAOcIrTVoSY8zdgqQJSB5AR884SGk-5-WlTVPEsoDk-s,microsoft_sharepoint_onedrive,personal_onedrive,prinya_mju_ac_th,ACCESS_DENIED,sharepoint_item_IQCjAOcIrTVo,binary_document,1,1.7,1.7.1|1.7.2,probable,medium,2,DUP-ad67e4,critical,P0_CRITICAL,central_sharepoint_evidence_library,2026-07-20T13:49:13.092364+07:00,Joomla article title maps to issue 1.7,access_denied,access_denied_sample
SP-0012,39,1.7 การทบทวนฝ่ายบริหาร,https://maejo365-my.sharepoint.com/:b:/g/personal/prinya_mju_ac_th/IQBsovJYQs-MS6lF6gShrm0FAfHS1cjp5qpudNy638RvhDw?e=SDrfZb,https://maejo365-my.sharepoint.com/:b:/g/personal/prinya_mju_ac_th/IQBsovJYQs-MS6lF6gShrm0FAfHS1cjp5qpudNy638RvhDw,microsoft_sharepoint_onedrive,personal_onedrive,prinya_mju_ac_th,ACCESS_DENIED,sharepoint_item_IQBsovJYQs-M,binary_document,1,1.7,1.7.1|1.7.2,probable,medium,2,DUP-5d09fd,critical,P0_CRITICAL,central_sharepoint_evidence_library,2026-07-20T13:49:13.092364+07:00,Joomla article title maps to issue 1.7,access_denied,access_denied_sample
SP-0018,44,3.2 การใช้พลังงาน,https://maejo365-my.sharepoint.com/:b:/g/personal/prinya_mju_ac_th/IQCFTwbSPA_xTquyVcbjBp9bAaEOOnOmbiXR96CMTdgRZnk?e=8QRb1e,https://maejo365-my.sharepoint.com/:b:/g/personal/prinya_mju_ac_th/IQCFTwbSPA_xTquyVcbjBp9bAaEOOnOmbiXR96CMTdgRZnk,microsoft_sharepoint_onedrive,personal_onedrive,prinya_mju_ac_th,ACCESS_DENIED,3.2.4(1) มาตรการหรือแนวทางการใช้น้ำมันเชื้อเพลิงในการเดินทาง,binary_document,3,3.2,3.1.1,probable,medium,2,DUP-48be0d,critical,P0_CRITICAL,central_sharepoint_evidence_library,2026-07-20T13:49:13.092364+07:00,"Anchor text ""3.2.4(1) มาตรการหรือแนวทางการใช้น้ำมันเชื้อเพลิงในการเดินทาง"" matches indicator pattern",access_denied,access_denied_sample
